and	و	عمومی
a	یک	عمومی
are	هستند	عمومی
as	مانند	عمومی
an	یک	عمومی
at	در	عمومی
about	در باره	عمومی
all	همه	عمومی
also	همچنین	عمومی
abuse	سو استفاده کردن	عمومی
administration	مدیر یت	عمومی
appeal	درخواست	عمومی
appreciate	قدردانی	عمومی
aspect	جنبه	عمومی
attitude	نگرش	عمومی
any	هرکی	عمومی
art	هنر	عمومی
another	یکی دیگر	عمومی
after	بعد از	عمومی
advance	پیشرفت	عمومی
alcohol	الکل	عمومی
anywhere	هر جا	عمومی
argument	بحث و جدل	عمومی
around	دور و بر	عمومی
air	هوا	عمومی
available	در دسترس است	عمومی
agreement	توافق	عمومی
angle	زاو یه	عمومی
attack	حمله	عمومی
although	با اينكه	عمومی
able	توانایی	عمومی
always	همیشه	عمومی
ability	توانایی	عمومی
actor	باز یگر	عمومی
afraid	ترسیدن	عمومی
afternoon	بعد از ظهر	عمومی
amazing	حیرت آور	عمومی
annual	سالانه	عمومی
anticipate	پیش بینی کنید	عمومی
assume	فرض	عمومی
add	اضافه کردن	عمومی
away	دور	عمومی
amount	میزان	عمومی
area	منطقه	عمومی
agent	عامل	عمومی
anxiety	اضطراب	عمومی
atmosphere	اتمسفر	عمومی
awareness	اطلاع	عمومی
activity	فعالیت	عمومی
actually	در واقع	عمومی
against	در برابر	عمومی
along	در امتداد	عمومی
answer	پاسخ	عمومی
again	از نو	عمومی
ask	پرسیدن	عمومی
access	دسترسی به	عمومی
additional	اضافی	عمومی
almost	تقریبا	عمومی
above	در بالا	عمومی
according	با توجه	عمومی
alternative	جایگزین	عمومی
action	عمل	عمومی
age	سن	عمومی
among	در میان	عمومی
absolutely	کاملا	عمومی
acceptable	قابل قبول است	عمومی
adult	بالغ	عمومی
aggressive	خشونت آمیز	عمومی
airline	خطوط هوایی	عمومی
apart	جدا از هم	عمومی
assure	اطمینان دادن	عمومی
attract	جذب	عمومی
across	در سراسر	عمومی
already	قبلا	عمومی
allow	اجازه دادن	عمومی
analysis	تحلیل و بررسی	عمومی
army	ارتش	عمومی
acquire	به دست آوردن	عمومی
adapt	انطباق	عمومی
adjust	تنظیم کنید	عمومی
administrative	ادا ری	عمومی
altogether	در مجموع	عمومی
anyway	به هر حال	عمومی
argue	جر و بحث	عمومی
arise	برخیز (ARISE)	مانهوا
arm	بازو	عمومی
aside	گذشته از	عمومی
associate	وابسته	عمومی
automatic	اتوماتیک	عمومی
automatically	بطور خودکار	عمومی
act	عمل کن	عمومی
article	مقاله	عمومی
audience	حضار	عمومی
actual	واقعی	عمومی
appropriate	مناسب	عمومی
advantage	مز یت	عمومی
active	فعال	عمومی
accident	تصادف	عمومی
account	حساب	عمومی
advertising	تبلیغات	عمومی
affect	تاثیر می گذارد	عمومی
ago	پیش	عمومی
anyone	هر کسی	عمومی
approach	رو یکرد	عمومی
avoid	اجتناب کردن	عمومی
airport	فرودگاه	عمومی
alive	زنده است	عمومی
angry	خشمگین	عمومی
appointment	وقت ملاقات	عمومی
arrival	ورود	عمومی
assist	کمک کن	عمومی
assumption	فرض	عمومی
addition	علاوه بر این	عمومی
apartment	اپارتمان	عمومی
achieve	رسیدن به	عمومی
address	نشانی	عمومی
attention	توجه	عمومی
average	میانگین	عمومی
anything	هر چی زی	عمومی
alone	تنها	عمومی
attempt	تلاش کنید	عمومی
abroad	خارج از کشور	عمومی
alarm	زنگ خطر	عمومی
anxious	مشتاق	عمومی
arrive	رسیدن	عمومی
assistance	معاونت	عمومی
attach	پیوستن	عمومی
ahead	در پیش	عمومی
appear	به نظر می رسد	عمومی
appearance	ظاهر	عمومی
association	انجمن	عمومی
accuse	متهم	عمومی
admire	تحسین	عمومی
admit	اقرار کردن	عمومی
advice	مشاوره	عمومی
afford	استطاعت داشتن	عمومی
agree	موافق	عمومی
adopt	اتخاذ	عمومی
affair	امور	عمومی
ambition	هدف - آرزو	عمومی
analyst	تحلیلگر	عمومی
anger	خشم	عمومی
announce	اعلام	عمومی
anybody	هر شخصی	عمومی
apologize	عذر خواهی کردن	عمومی
apple	سیب	عمومی
approve	تایید	عمومی
asleep	خواب	عمومی
assignment	وظیفه	عمومی
assistant	دستیار	عمومی
attend	مراجعه كردن	عمومی
award	جایزه	عمومی
animal	حیوانات	عمومی
application	کاربرد	عمومی
apply	درخواست	عمومی
author	نو یسنده	عمومی
aware	مطلع	عمومی
accurate	دقیق	عمومی
advanced	پیشرفته	عمومی
accept	قبول کردن	عمومی
ad	آگهی	عمومی
agency	آژانس	عمومی
be	بودن	عمومی
by	توسط	عمومی
but	ولی	عمومی
because	زیرا	عمومی
beat	ضرب و شتم	عمومی
burn	سوزاندن	عمومی
been	بوده	عمومی
before	قبل از	عمومی
between	بین	عمومی
business	کسب و کار	عمومی
being	بودن	عمومی
best	بهترین	عمومی
basically	اساسا	عمومی
belt	کمربند	عمومی
bench	نیمکت	عمومی
become	تبدیل شدن به	عمومی
both	هر دو	عمومی
back	بازگشت	عمومی
blue	آبی	عمومی
borrow	امانت گرفتن	عمومی
breakfast	صبحانه	عمومی
better	بهتر	عمومی
book	کتاب	عمومی
body	بدن	عمومی
bird	پرنده	عمومی
bat	خفاش	عمومی
beach	ساحل در یا	عمومی
basic	پایه ای	عمومی
big	بزرگ	عمومی
blank	جای خالی	عمومی
busy	مشغول	عمومی
band	باند	عمومی
bath	حمام	عمومی
block	مسدود کردن	عمومی
boss	رئیس	عمومی
bone	استخوان	عمومی
bread	نان	عمومی
board	هیئت مدیره	عمومی
buy	خرید	عمومی
bag	کیسه	عمومی
battle	نبرد	عمومی
bed	بستر	عمومی
bill	لایحه	عمومی
boring	حوصله سر بر	عمومی
bother	زحمت	عمومی
brief	مختصر	عمومی
bad	بد	عمومی
boat	قایق	عمومی
below	در زیر	عمومی
building	ساختمان	عمومی
basis	پایه	عمومی
boyfriend	دوست پسر	عمومی
bring	آوردن	عمومی
beginning	شروع	عمومی
begin	شروع	عمومی
basket	سبد	عمومی
bet	شرط	عمومی
blow	فوت کردن، دمیدن	عمومی
bonus	جایزه	عمومی
border	مرز	عمومی
branch	شاخه	عمومی
breast	پستان	عمومی
brother	برادر	عمومی
buddy	دوست دا ری	عمومی
bunch	دسته ای	عمومی
birth	تولد	عمومی
bank	بانک	عمومی
bus	اتوبوس	عمومی
beautiful	خوشگل	عمومی
benefit	سود	عمومی
box	جعبه	عمومی
break	زنگ تفريح	عمومی
ball	توپ	عمومی
behind	پشت	عمومی
bake	پختن	عمومی
bar	بار	عمومی
baseball	بیسبال	عمومی
bell	زنگ	عمومی
bike	دوچرخه	عمومی
blame	سرزنش	عمومی
boy	پسر	عمومی
brick	آجر	عمومی
balance	تعادل	عمومی
bit	بیت	عمومی
black	سیاه	عمومی
bottom	پایین	عمومی
build	ساختن	عمومی
believe	ایمان داشتن	عمومی
beyond	فراتر	عمومی
behave	رفتار كردن	عمومی
bend	خم شدن	عمومی
bicycle	دوچرخه	عمومی
bite	گاز گرفتن	عمومی
blind	نابینا	عمومی
bottle	بط ری	عمومی
brave	شجاع	عمومی
breath	نفس کشیدن	عمومی
briefly	به طور خلاصه	عمومی
buyer	خر یدار	عمومی
born	بدنیا آمدن	عمومی
bright	روشن است	عمومی
broad	وسیع	عمومی
brush	قلم مو	عمومی
brain	مغز	عمومی
button	دکمه	عمومی
base	پایه	عمومی
blood	خون	عمومی
bathroom	حمام	عمومی
bear	خرس	عمومی
bedroom	اتاق خواب	عمومی
beer	آبجو	عمومی
belong	تعلق داشتن	عمومی
bid	پیشنهاد	عمومی
birthday	روز تولد	عمومی
bitter	تلخ	عمومی
boot	پوتین - چکمه	عمومی
brilliant	درخشان	عمومی
bug	اشکال	عمومی
brown	قهوه ای	عمومی
budget	بودجه	عمومی
bowl	کاسه	عمومی
bridge	پل	عمومی
baby	عز یزم	عمومی
background	زمینه	عمومی
can	می توان	عمومی
carry	حمل	عمومی
clearly	به وضوح	عمومی
college	کالج	عمومی
communicate	برقرا ری ارتباط	عمومی
complain	شكايت كردن	عمومی
conflict	درگی ری	عمومی
connection	ارتباط	عمومی
criticism	انتقاد	عمومی
chart	چارت سازمانی	عمومی
compare	مقايسه كردن	عمومی
computer	کامپیوتر	عمومی
closed	بسته شد	عمومی
closely	نزدیک است	عمومی
commission	کمیسیون	عمومی
complaint	شکایت	عمومی
connect	اتصال	عمومی
consist	شامل	عمومی
contract	قرارداد	عمومی
contribute	مشارکت	عمومی
copy	کپی کنید	عمومی
could	می تواند	عمومی
come	بیا	عمومی
cancer	سرطان	عمومی
claim	ادعا	عمومی
confidence	اعتماد به نفس	عمومی
consistent	استوار	عمومی
constant	ثابت	عمومی
cultural	فرهنگی	عمومی
currency	واحد پول	عمومی
certain	مسلم - قطعی	عمومی
common	مشترک	عمومی
change	تغییر دادن	عمومی
create	ايجاد كردن	عمومی
control	کنترل	عمومی
course	دوره	عمومی
company	شرکت	عمومی
card	کارت	عمومی
consider	در نظر گرفتن	عمومی
care	اهميت دادن	عمومی
catch	گرفتن	عمومی
chain	زنجیر	عمومی
classroom	کلاس درس	عمومی
consideration	در نظر گرفتن	عمومی
count	شمردن	عمومی
cream	کرم رنگ	عمومی
crew	خدمه	عمومی
current	جاری	عمومی
cut	برش	عمومی
check	بررسی	عمومی
choose	انتخاب کنید	عمومی
call	زنگ زدن	عمومی
calendar	تقو یم	عمومی
candidate	نامزد	عمومی
cap	کلاه لبه دار	عمومی
careful	مراقب باشید	عمومی
climate	آب و هوا	عمومی
coat	کت	عمومی
collect	جمع کن	عمومی
combine	آمیختن	عمومی
command	فرمان	عمومی
comparison	مقایسه	عمومی
confusion	گیجی	عمومی
construction	ساخت و ساز	عمومی
contest	مسابقه	عمومی
corner	گوشه	عمومی
court	دادگاه	عمومی
cup	فنجان	عمومی
community	جامعه	عمومی
cook	پختن	عمومی
case	مورد	عمومی
cause	سبب می شود	عمومی
coast	ساحل	عمومی
cake	کیک	عمومی
charity	خیر یه	عمومی
code	کد	عمومی
cousin	خاله زاده	عمومی
crazy	دیوانه	عمومی
curve	منحنی	عمومی
country	کشور	عمومی
cash	پول نقد	عمومی
class	کلاس	عمومی
clear	روشن است	عمومی
cold	سرماخوردگی	عمومی
commercial	تجا ری	عمومی
camera	دوربین	عمومی
chance	شانس	عمومی
child	کودک	عمومی
chicken	جوجه	عمومی
close	بستن	عمومی
creative	خلاقانه	عمومی
cabinet	کابینه	عمومی
childhood	دوران کودکی	عمومی
chip	تراشه	عمومی
church	کلیسا	عمومی
car	ماشین	عمومی
cost	هز ینه	عمومی
civil	مدنی	عمومی
clothes	لباس ها	عمومی
coach	مربی	عمومی
coffee	قهوه	عمومی
confirm	تایید	عمومی
cross	صلیب	عمومی
combination	ترکیبی	عمومی
complex	پیچیده	عمومی
content	محتوا	عمومی
craft	مهارت	عمومی
charge	شارژ	عمومی
communication	ارتباطات	عمومی
complete	تکمیل	عمومی
continue	ادامه دهید	عمومی
chemistry	علم شیمی	عمومی
cycle	چرخه	عمومی
certainly	قطعا	عمومی
concerned	نگران	عمومی
cover	پوشش	عمومی
calculate	محاسبه	عمومی
chair	صندلی	عمومی
chapter	فصل	عمومی
closet	کمد لباس	عمومی
clue	سرنخ	عمومی
collar	یقه	عمومی
comment	اظهار نظر	عمومی
committee	کمیته	عمومی
compete	رقابت کن	عمومی
concerning	مربوط به	عمومی
conference	کنفرانس	عمومی
consult	مشورت کردن	عمومی
conversation	گفتگو	عمومی
convert	تبدیل	عمومی
crash	سقوط	عمومی
choice	انتخابی	عمومی
career	حرفه	عمومی
culture	فرهنگ	عمومی
classic	کلاسیک	عمومی
competition	رقابت	عمومی
condition	وضعیت	عمومی
contact	تماس	عمومی
credit	اعتبار	عمومی
currently	در حال حاضر	عمومی
category	دسته بندی	عمومی
cigarette	سیگار	عمومی
concern	نگرانی	عمومی
contain	حاوی	عمومی
context	زمینه	عمومی
cute	جذاب	عمومی
cable	کابلی	عمومی
calm	آرام	عمومی
candle	شمع	عمومی
celebrate	جشن گرفتن	عمومی
chest	قفسه سینه	عمومی
chocolate	شکلات	عمومی
clerk	منشی	عمومی
capital	سرمایه، پایتخت	عمومی
challenge	چالش	عمومی
comfortable	راحت	عمومی
constantly	به طور مداوم	عمومی
cloud	ابر	عمومی
comprehensive	جامع	عمومی
concentrate	تمرکز کنید	عمومی
concert	کنسرت	عمومی
conclusion	نتیجه	عمومی
contribution	مشارکت	عمومی
convince	متقاعد کردن	عمومی
cookie	کوکی	عمومی
counter	شمارنده	عمومی
courage	شجاعت	عمومی
curious	کنجکاو	عمومی
cell	سلول	عمومی
couple	زن و شوهر	عمومی
click	کلیک	عمومی
concept	مفهوم	عمومی
correct	درست	عمومی
customer	مشت ری	عمومی
clean	پاک کن	عمومی
competitive	رقابتی	عمومی
completely	به صورت کامل	عمومی
critical	بحرانی	عمومی
camp	اردوگاه	عمومی
candy	آب نبات	عمومی
carpet	فرش	عمومی
cat	گربه	عمومی
celebration	جشن	عمومی
champion	قهرمان	عمومی
championship	قهرمانی	عمومی
channel	کانال	عمومی
cheek	گونه	عمومی
client	مشت ری	عمومی
clock	ساعت	عمومی
comfort	راحتی	عمومی
commit	مرتکب شدن	عمومی
confident	اعتماد به نفس	عمومی
conscious	آگاهانه	عمومی
consequence	نتیجه	عمومی
cow	گاو	عمومی
crack	ترک	عمومی
criticize	انتقاد کنید	عمومی
cheap	ارزان	عمومی
city	شهر	عمومی
complicated	بغرنج	عمومی
county	شهرستان	عمومی
campaign	کمپین	عمومی
cancel	لغو	عمومی
capable	قادر به	عمومی
character	شخصیت	عمومی
chemical	شیمیایی	عمومی
club	باشگاه	عمومی
collection	مجموعه	عمومی
cool	سرد	عمومی
cry	گر یه کردن	عمومی
carefully	با دقت	عمومی
debt	بدهی	عمومی
depend	بستگی دارد	عمومی
description	شرح	عمومی
die	مرگ	عمومی
dish	ظرف	عمومی
dramatic	نمایشی	عمومی
do	انجام دادن	عمومی
different	ناهمسان	عمومی
deposit	سپرده	عمومی
director	کارگردان	عمومی
dark	تار یک است	عمومی
differ	متفاوت است	عمومی
double	دو برابر	عمومی
draw	قرعه کشی	عمومی
drop	رها کردن	عمومی
does	میکند	عمومی
during	در حین	عمومی
day	روز	عمومی
down	پایین	عمومی
data	داده ها	عمومی
daughter	فرزند دختر	عمومی
degree	درجه	عمومی
doctor	دکتر	عمومی
dot	نقطه	عمومی
drag	کشیدن	عمومی
dream	رو یا	عمومی
drink	نوشیدن	عمومی
duty	وظیفه	عمومی
difficult	دشوار	عمومی
dead	مرده	عمومی
delivery	تحو یل	عمومی
detail	جزئیات	عمومی
detailed	دقیق	عمومی
device	دستگاه	عمومی
difficulty	مشکل	عمومی
doubt	شک	عمومی
drama	درام	عمومی
develop	توسعه	عمومی
dig	حفر کردن	عمومی
district	ولسوالی	عمومی
divide	تقسیم کنید	عمومی
door	درب	عمومی
definition	تعریف	عمومی
development	توسعه	عمومی
determine	تعیین کنید	عمومی
demand	تقاضا	عمومی
designer	طراح	عمومی
dimension	ابعاد	عمومی
disaster	فاجعه	عمومی
distinct	متمایز	عمومی
dance	رقص	عمومی
dry	خشک	عمومی
directly	به طور مستقیم	عمومی
distribute	توز یع کردن	عمومی
dress	لباس	عمومی
deal	معامله	عمومی
direction	جهت	عمومی
design	طرح	عمومی
department	بخش	عمومی
difference	تفاوت	عمومی
dog	سگ	عمومی
drive	راندن	عمومی
deeply	عمیقا	عمومی
definitely	قطعا	عمومی
deliberately	عمدا	عمومی
dinner	شام	عمومی
document	اسناد	عمومی
draft	پیش نو یس	عمومی
drawing	نقاشی	عمومی
dust	گرد و خاک	عمومی
due	ناشی از	عمومی
decide	تصميم گرفتن	عمومی
disease	مرض	عمومی
disk	دیسک	عمومی
database	بانک اطلاعاتی	عمومی
deliver	ارائه	عمومی
dependent	وابسته	عمومی
desperate	مستاصل	عمومی
devil	شیطان	عمومی
diet	رژ یم غذایی	عمومی
discipline	انضباط	عمومی
decision	تصمیم گی ری	عمومی
direct	مستقیم	عمومی
discuss	بحث و گفتگو	عمومی
distribution	توز یع	عمومی
date	تار یخ	عمومی
describe	توصیف کردن	عمومی
despite	با وجود	عمومی
driver	راننده	عمومی
dad	پدر	عمومی
desk	میز مطالعه	عمومی
dirty	کثیف	عمومی
disagree	مخالف بودن	عمومی
downtown	مرکز شهر	عمومی
drawer	کشو	عمومی
daily	روزانه	عمومی
dealer	دلال	عمومی
debate	مناظره	عمومی
discover	كشف كردن	عمومی
death	مرگ	عمومی
desire	میل	عمومی
discussion	بحث	عمومی
damage	خسارت	عمومی
distance	فاصله	عمومی
dare	جرات کن	عمومی
dear	عز یزم	عمومی
decent	نجیب	عمومی
delay	تاخیر انداختن	عمومی
departure	عز یمت، خروج	عمومی
deserve	سزاوار	عمومی
destroy	از بین رفتن	عمومی
diamond	الماس	عمومی
dirt	خاک	عمومی
disappointed	ناامید	عمومی
drunk	مست	عمومی
deep	عمیق	عمومی
depth	عمق	عمومی
discount	تخفیف	عمومی
display	نمایش دادن	عمومی
dangerous	خطرناک است	عمومی
depression	افسردگی	عمومی
dump	زباله	عمومی
eat	خوردن	عمومی
efficient	کارآمد	عمومی
enter	وارد	عمومی
essentially	اساسا	عمومی
exact	دقیق	عمومی
even	حتی	عمومی
equally	به همان اندازه	عمومی
each	هر یک	عمومی
example	مثال	عمومی
effectively	به طور موثر	عمومی
emphasis	تاکید	عمومی
encourage	تشويق كردن	عمومی
equal	برابر	عمومی
everybody	همه	عمومی
expand	بسط دادن	عمومی
every	هرکدام	عمومی
enough	کافی	عمومی
experience	تجربه	عمومی
early	زود	عمومی
end	پایان	عمومی
earn	بدست آوردن	عمومی
emphasize	تاکید کنید	عمومی
employment	استخدام	عمومی
enable	فعال کردن	عمومی
engineering	مهندسی	عمومی
entry	ورودی	عمومی
essay	مقاله	عمومی
existing	موجود است	عمومی
economy	اقتصاد	عمومی
economics	اقتصاد	عمومی
either	یا	عمومی
election	انتخابات	عمومی
engage	مشغول کردن	عمومی
engine	موتور	عمومی
enhance	افزایش دادن	عمومی
examine	معاینه کردن	عمومی
east	شرق	عمومی
elevator	آسانسور	عمومی
elsewhere	در جاهای دیگر	عمومی
emotion	هیجانی	عمومی
employee	کارمند	عمومی
employer	کارفرما	عمومی
equivalent	معادل	عمومی
everywhere	در همه جا	عمومی
except	بجز	عمومی
everything	همه چيز	عمومی
especially	به خصوص	عمومی
ever	همیشه	عمومی
exercise	ورزش	عمومی
exam	امتحان	عمومی
excuse	بهانه	عمومی
easy	آسان	عمومی
emotional	عاطفی	عمومی
equipment	تجهیزات	عمومی
ease	سهولت	عمومی
eastern	شرق	عمومی
editor	سردبیر	عمومی
efficiency	بهره و ری	عمومی
emergency	اضطرا ری	عمومی
escape	در رفتن	عمومی
evening	شب	عمومی
excitement	هیجان	عمومی
expose	در معرض گذاشتن	عمومی
extension	توسعه	عمومی
extent	محدوده	عمومی
environment	محیط	عمومی
everyone	هر کس	عمومی
earth	زمین	عمومی
else	چیز دیگ ری	عمومی
exist	وجود دارد	عمومی
enjoy	لذت بردن	عمومی
entire	کل	عمومی
employ	استخدام کنید	عمومی
encouraging	تشو یق	عمومی
expert	کارشناس	عمومی
external	خارجی	عمومی
easily	به آسانی	عمومی
effective	تاثير گذار	عمومی
eventually	در نهایت	عمومی
exactly	دقیقا	عمومی
exchange	تبادل	عمومی
eye	چشم	عمومی
electrical	الکتر یکی	عمومی
energy	انرژی	عمومی
expensive	گران	عمومی
enthusiasm	اشتیاق	عمومی
error	خطا	عمومی
education	تحصیلات	عمومی
exciting	هیجان انگیز	عمومی
explanation	توضیح	عمومی
extend	گسترش	عمومی
event	رو یداد	عمومی
excellent	عالی است	عمومی
extra	اضافی	عمومی
egg	تخم مرغ	عمومی
entertainment	سرگرمی	عمومی
effect	اثر	عمومی
extremely	فوق العاده	عمومی
establish	تاسيس كردن	عمومی
establishment	استقرار	عمومی
estimate	تخمین زدن	عمومی
examination	معاینه	عمومی
ensure	اطمینان حاصل کنید	عمومی
exit	خروج	عمومی
expect	انتظار	عمومی
experienced	با تجربه	عمومی
explain	توضیح	عمومی
explore	کاوش کنید	عمومی
express	بیان	عمومی
effort	تلاش	عمومی
electronic	الکترونیکی	عمومی
expression	اصطلاح	عمومی
ear	گوش	عمومی
embarrassed	خجالت زده	عمومی
empty	خالی	عمومی
engineer	مهندس	عمومی
entrance	ورود	عمومی
educational	آموزشی	عمومی
environmental	محیطی	عمومی
estate	املاک	عمومی
edge	لبه - تی زی	عمومی
evidence	شواهد	عمومی
extreme	مفرط	عمومی
for	برای	عمومی
from	از جانب	عمومی
factor	عامل	عمومی
fair	نمایشگاه	عمومی
fill	پر کن	عمومی
fine	خوب	عمومی
formal	رسمی	عمومی
forward	رو به جلو	عمومی
fruit	میوه	عمومی
foreign	خارجی	عمومی
film	فیلم	عمومی
first	اولین	عمومی
find	پیدا کردن	عمومی
family	خانواده	عمومی
few	تعداد کمی	عمومی
free	رایگان	عمومی
firm	شرکت	عمومی
fix	ثابت	عمومی
frequent	مکرر	عمومی
form	فرم	عمومی
field	رشته	عمومی
fish	ماهی	عمومی
feel	احساس کن	عمومی
famous	مشهور	عمومی
father	پدر	عمومی
fee	هز ینه	عمومی
finance	مالی	عمومی
food	غذا	عمومی
fact	واقعیت	عمومی
false	نادرست	عمومی
feed	خوراک	عمومی
football	فوتبال	عمومی
forever	برای همیشه	عمومی
fat	چربی	عمومی
force	زور	عمومی
far	دور	عمومی
fun	سرگرم کننده	عمومی
finger	انگشت	عمومی
focus	تمرکز	عمومی
future	آینده	عمومی
following	ذیل	عمومی
full	پر شده	عمومی
farm	مزرعه	عمومی
feedback	بازخورد	عمومی
fight	مبارزه کردن	عمومی
fall	سقوط	عمومی
freedom	آزادی	عمومی
figure	شکل	عمومی
feature	و یژگی	عمومی
financial	مالی	عمومی
federal	فدرال	عمومی
fishing	صید ماهی	عمومی
fit	مناسب	عمومی
floor	کف	عمومی
former	سابق	عمومی
failure	شکست	عمومی
fast	سر یع	عمومی
fire	آتش	عمومی
frame	فر یم	عمومی
face	صورت	عمومی
farmer	مزرعه دار	عمومی
fear	ترس	عمومی
fold	تا کردن	عمومی
forth	چهارم	عمومی
friendly	دوستانه	عمومی
fuel	سوخت	عمومی
funny	خنده دار	عمومی
final	نهایی	عمومی
familiar	آشنا	عمومی
finally	سرانجام	عمومی
fly	پرواز	عمومی
follow	دنبال کردن	عمومی
flat	سطح صاف	عمومی
flight	پرواز	عمومی
friend	دوست	عمومی
flower	گل	عمومی
fail	شکست	عمومی
finding	یافته	عمومی
front	جلوی	عمومی
function	عملکرد	عمومی
fairly	منصفانه	عمومی
fixed	درست شد	عمومی
foot	پا	عمومی
feeling	احساس	عمومی
finish	پایان دادن	عمومی
fresh	تازه	عمومی
fault	گسل	عمومی
female	زن	عمومی
fortune	ثروت	عمومی
friendship	دوستی	عمومی
funeral	مراسم خاکسپا ری	عمومی
file	پرونده	عمومی
flow	جر یان	عمومی
forget	فراموش کردن	عمومی
foundation	پایه	عمومی
fan	پنکه	عمومی
frequently	مکررا	عمومی
fully	به طور کامل	عمومی
glass	شیشه	عمومی
get	گرفتن	عمومی
gear	دنده	عمومی
greatly	تا حد ز یادی	عمومی
good	خوب	عمومی
government	دولت	عمومی
go	برو	عمومی
great	عالی	عمومی
game	بازی	عمومی
give	دادن	عمومی
general	عمومی	عمومی
gently	به آرامی	عمومی
guess	حدس بزن	عمومی
guide	راهنما	عمومی
gold	طلا	عمومی
guidance	راهنمایی	عمومی
group	گروه	عمومی
generally	بطور کلی	عمومی
garage	گاراژ	عمومی
guarantee	ضمانت	عمومی
guest	مهمان	عمومی
guard	نگهبان	عمومی
garden	باغ	عمومی
grow	رشد	عمومی
gap	شکاف	عمومی
gather	جمع آو ری	عمومی
grade	مقطع تحصیلی	عمومی
guitar	گیتار	عمومی
goal	هدف	عمومی
green	سبز	عمومی
glad	خوشحالم	عمومی
growth	رشد	عمومی
god	خدایا	عمومی
golf	گلف	عمومی
gift	هدیه	عمومی
gate	دروازه	عمومی
girl	دختر	عمومی
glove	دستکش	عمومی
grab	گرفتن	عمومی
gross	ناخوشایند	عمومی
gain	کسب کردن	عمومی
garbage	زباله	عمومی
grand	بزرگ	عمومی
grandfather	بابا بزرگ	عمومی
grocery	خواربار	عمومی
gas	گاز	عمومی
gene	ژن	عمومی
girlfriend	دوست دختر	عمومی
grass	چمن	عمومی
guilty	گناهکار	عمومی
guy	پسر	عمومی
global	جهانی است	عمومی
grandmother	مادر بزرگ	عمومی
ground	زمینی	عمومی
generate	تولید کنید	عمومی
have	دارند	عمومی
happen	به وقوع پیوستن	عمومی
how	چطور	عمومی
has	دارای	عمومی
hungry	گرسنه	عمومی
history	تاریخ	عمومی
he	او	عمومی
help	کمک	عمومی
however	با این حال	عمومی
his	خود	عمومی
health	سلامتی	عمومی
had	داشته است	عمومی
hi	سلام	عمومی
her	او	عمومی
highway	بزرگراه	عمومی
hire	استخدام	عمومی
human	انسان	عمومی
heat	حرارت	عمومی
hand	دست	عمومی
high	بالا	عمومی
hopefully	خوشبختانه	عمومی
hour	ساعت	عمومی
here	اینجا	عمومی
home	خانه	عمومی
hard	سخت	عمومی
hotel	هتل	عمومی
historical	تاریخی	عمومی
hot	داغ	عمومی
house	خانه	عمومی
hang	آو یزان شدن	عمومی
height	ارتفاع	عمومی
himself	خودت	عمومی
hold	نگه دارید	عمومی
hole	سوراخ	عمومی
hook	قلاب	عمومی
hunt	شکار	عمومی
hate	نفرت	عمومی
holiday	تعطیلات	عمومی
homework	مشق شب	عمومی
horror	وحشت	عمومی
horse	اسب	عمومی
host	میزبان	عمومی
husband	شوهر	عمومی
healthy	سالم	عمومی
head	سر	عمومی
habit	عادت	عمومی
hair	مو	عمومی
hardly	به سختی	عمومی
hearing	شنیدن	عمومی
hurt	صدمه	عمومی
half	نیم	عمومی
hall	سالن	عمومی
herself	خودش	عمومی
hide	پنهان شدن	عمومی
historian	تار یخ شناس	عمومی
hospital	بیمارستان	عمومی
happy	خوشحال	عمومی
hope	امید	عمومی
helpful	مفید است	عمومی
him	به او	عمومی
harm	صدمه	عمومی
honest	صادقانه	عمومی
honey	عسل	عمومی
heavy	سنگین	عمومی
hello	سلام	عمومی
highly	به شدت	عمومی
handle	رسیدگی	عمومی
housing	مسکن	عمومی
huge	بزرگ	عمومی
hear	شنیدن	عمومی
hat	کلاه	عمومی
hell	جهنم	عمومی
hesitate	تردید	عمومی
highlight	برجسته	عمومی
honestly	صادقانه	عمومی
heart	قلب	عمومی
hit	اصابت	عمومی
hurry	عجله کن	عمومی
in	در	عمومی
is	است	عمومی
it	این	عمومی
I	من	عمومی
if	اگر	عمومی
indicate	نشان می دهد	عمومی
into	به	عمومی
its	آن	عمومی
ideal	ایده آل	عمومی
imagine	تصور کن	عمومی
information	اطلاعات	عمومی
important	مهم	عمومی
initially	در ابتدا	عمومی
internal	داخلی	عمومی
include	عبارتند از	عمومی
interaction	اثر متقابل	عمومی
interest	علاقه	عمومی
internet	اینترنت	عمومی
including	شامل	عمومی
impress	تاثیر گذاشتن	عمومی
install	نصب	عمومی
interview	مصاحبه	عمومی
idea	اندیشه	عمومی
investment	سرمایه گذاری	عمومی
instead	بجای	عمومی
industry	صنعت	عمومی
increase	افزایش دادن	عمومی
individual	فردی	عمومی
implement	پیاده سا زی	عمومی
initial	اولیه	عمومی
intend	قصد دارم	عمومی
introduce	معرفی کنید	عمومی
international	بین المللی	عمومی
image	تصویر	عمومی
involved	گرفتار	عمومی
itself	خودش	عمومی
improve	بهتر کردن	عمومی
instance	نمونه	عمومی
income	درآمد	عمومی
illegal	غیر مجاز	عمومی
incorporate	ترکیب کردن	عمومی
initiative	ابتکار عمل	عمومی
iron	اهن	عمومی
inside	داخل	عمومی
identify	شناسایی	عمومی
independent	مستقل	عمومی
issue	موضوع	عمومی
interested	علاقه مند	عمومی
item	آیتم	عمومی
impact	تأثیر	عمومی
ill	بیمار	عمومی
injury	صدمه	عمومی
instruction	دستورالعمل	عمومی
investigate	تحقیق کردن	عمومی
intelligent	باهوش - هوشمند	عمومی
interesting	جالب هست	عمومی
ice	یخ	عمومی
introduction	معرفی	عمومی
ignore	چشم پوشی	عمومی
imply	فرض کنید	عمومی
impression	تصور	عمومی
impressive	چشمگیر	عمومی
improvement	بهبود	عمومی
independence	استقلال	عمومی
informal	غیر رسمی	عمومی
inner	درونی	عمومی
insect	حشره	عمومی
immediately	بلافاصله	عمومی
impossible	غیرممکن است	عمومی
invest	سرمایه گذا ری	عمومی
insist	اصرار کن	عمومی
inspection	بازرسی	عمومی
inspector	بازرس	عمومی
inflation	تورم	عمومی
influence	نفوذ	عمومی
insurance	بیمه	عمومی
involve	شامل	عمومی
immediate	فو ری	عمومی
importance	اهمیت	عمومی
illustrate	نشان دادن	عمومی
incident	حادثه	عمومی
indication	نشانه	عمومی
inevitable	اجتناب ناپذیر	عمومی
inform	آگاه کردن	عمومی
intention	قصد	عمومی
invite	دعوت	عمومی
island	جز یره	عمومی
imagination	خیال پردا زی	عمومی
joint	مفصل	عمومی
jump	پرش	عمومی
just	فقط	عمومی
join	پیوستن	عمومی
job	کار	عمومی
juice	آب میوه	عمومی
judge	قاضی	عمومی
judgment	داو ری	عمومی
justify	توجیه	عمومی
jacket	ژاکت	عمومی
junior	جوان	عمومی
joke	جوک	عمومی
jury	هیئت داوران	عمومی
kick	ضربه زدن	عمومی
know	می دانم	عمومی
kitchen	آشپزخانه	عمومی
kill	کشتن	عمومی
keep	نگاه داشتن	عمومی
knowledge	دانش	عمومی
known	شناخته شده	عمومی
kid	بچه	عمومی
key	کلیدی	عمومی
kind	نوع	عمومی
knife	چاقو	عمومی
king	پادشاه	عمومی
knee	زانو	عمومی
kiss	بوسه	عمومی
like	پسندیدن	عمومی
land	زمین	عمومی
log	وارد شو ید	عمومی
lost	کم شده	عمومی
look	نگاه کن	عمومی
life	زندگی	عمومی
literally	عینا	عمومی
loss	از دست دادن	عمومی
learn	یاد گرفتن	عمومی
large	بزرگ	عمومی
local	محلی	عمومی
long	طولانی	عمومی
lot	خیلی زیاد	عمومی
less	کمتر	عمومی
limit	حد	عمومی
luck	شانس	عمومی
little	مقدار کمی	عمومی
law	قانون	عمومی
literature	ادبیات	عمومی
love	عشق	عمومی
list	فهرست	عمومی
library	کتابخانه	عمومی
likely	احتمال دارد	عمومی
line	خط	عمومی
light	سبک	عمومی
left	ترک کرد	عمومی
level	سطح	عمومی
least	کمترین	عمومی
last	آخر	عمومی
let	اجازه دهید	عمومی
language	زبان	عمومی
later	بعد	عمومی
latter	دومی	عمومی
layer	لایه	عمومی
leadership	رهب ری	عمومی
lecture	سخنرانی	عمومی
lie	دروغ	عمومی
lower	پایین تر	عمومی
live	زنده	عمومی
leader	رهبر	عمومی
loan	وام	عمومی
logical	منطقی	عمومی
low	کم	عمومی
late	دیر است	عمومی
lab	آزمایشگاه	عمومی
landscape	چشم انداز	عمومی
laugh	خنده	عمومی
lay	غیر روحانی	عمومی
league	لیگ	عمومی
loud	با صدای بلند	عمومی
leave	ترک کردن	عمومی
limited	محدود شده	عمومی
location	محل	عمومی
lucky	خوش شانس	عمومی
lunch	ناهار	عمومی
lift	بلند کردن	عمومی
link	ارتباط دادن	عمومی
length	طول	عمومی
lack	عدم	عمومی
lake	در یاچه	عمومی
lead	سرب	عمومی
listen	گوش بده	عمومی
living	زندگي كردن	عمومی
ladder	نردبان	عمومی
lawyer	وکیل	عمومی
leather	چرم	عمومی
load	بار	عمومی
loose	شل	عمومی
leading	منتهی شدن	عمومی
lose	از دست دادن	عمومی
legal	قانونی	عمومی
lesson	درس	عمومی
lady	خانم	عمومی
leg	پا	عمومی
lip	لب	عمومی
lonely	تنهایی	عمومی
letter	نامه	عمومی
lock	قفل کردن	عمومی
more	بیش	عمومی
master	استاد	عمومی
memory	حافظه	عمومی
muscle	ماهیچه	عمومی
many	بسیاری	عمومی
most	اکثر	عمومی
may	ممکن است	عمومی
make	ساختن	عمومی
my	من	عمومی
money	پول	عمومی
map	نقشه	عمومی
much	خیلی	عمومی
manage	مدیر یت کردن	عمومی
mother	مادر	عمومی
might	ممکن	عمومی
must	باید	عمومی
meat	گوشت	عمومی
me	من	عمومی
mainly	به طور عمده	عمومی
membership	عضو یت	عمومی
merely	صرفا - فقط	عمومی
minimum	کمتر ین	عمومی
music	موسیقی	عمومی
method	روش	عمومی
milk	شیر	عمومی
minor	جزئی	عمومی
mixed	مخلوط شده	عمومی
mixture	مخلوط	عمومی
mouth	دهان	عمومی
market	بازار	عمومی
mind	ذهن	عمومی
mark	علامت	عمومی
match	همخوانی داشتن	عمومی
mission	مامور یت	عمومی
major	عمده	عمومی
media	رسانه ها	عمومی
mental	ذهنی	عمومی
move	حرکت	عمومی
matter	موضوع	عمومی
main	اصلی	عمومی
mall	مرکز خر ید	عمومی
manager	مدیر	عمومی
manner	شیوه	عمومی
march	مارس	عمومی
married	متاهل	عمومی
meeting	ملاقات	عمومی
mention	اشاره	عمومی
management	مدیریت	عمومی
movie	فیلم سینما	عمومی
mouse	موش	عمومی
mistake	اشتباه	عمومی
mom	مامان	عمومی
mountain	کوه	عمومی
mean	منظور داشتن	عمومی
man	مرد	عمومی
model	مدل	عمومی
maintain	حفظ	عمومی
month	ماه	عمومی
marketing	بازار یابی	عمومی
material	مواد	عمومی
medical	پزشکی	عمومی
marriage	ازدواج	عمومی
meaning	به معنی	عمومی
medicine	دارو	عمومی
middle	وسط	عمومی
mail	پست الکترونیکی	عمومی
massive	عظیم	عمومی
measurement	اندازه گی ری	عمومی
mess	بهم ر یختگی	عمومی
mobile	سیار	عمومی
mode	حالت	عمومی
mud	گل و لای	عمومی
metal	فلز	عمومی
medium	متوسط	عمومی
machine	دستگاه	عمومی
math	ر یاضی	عمومی
moment	لحظه	عمومی
maintenance	نگهدا ری	عمومی
manufacturer	سازنده	عمومی
meal	وعده غذایی	عمومی
miss	از دست دادن	عمومی
monitor	مانیتور	عمومی
mortgage	رهن	عمومی
morning	صبح	عمومی
mix	مخلوط کردن	عمومی
magazine	مجله	عمومی
maybe	شاید	عمومی
member	عضو	عمومی
message	پیام	عمومی
male	نر	عمومی
menu	فهرست	عمومی
mine	مال خودم	عمومی
mirror	آینه	عمومی
moreover	علاوه بر این	عمومی
meet	ملاقات	عمومی
mood	حالت	عمومی
minute	دقیقه	عمومی
mad	دیوانه	عمومی
manufacturing	تولید	عمومی
marry	ازدواج کن	عمومی
mate	رفیق	عمومی
midnight	نیمه شب	عمومی
motor	موتور	عمومی
maximum	بیشتر ین	عمومی
mostly	اغلب	عمومی
myself	خودم	عمومی
not	نه	عمومی
no	نه	عمومی
new	جدید	عمومی
need	نیاز	عمومی
necessarily	لزوما	عمومی
net	خالص	عمومی
now	اکنون	عمومی
number	عدد	عمومی
numerous	چندین	عمومی
never	هرگز	عمومی
nor	نه	عمومی
next	بعد	عمومی
nature	طبیعت	عمومی
nobody	هيچ كس	عمومی
name	نام	عمومی
national	ملی	عمومی
natural	طبیعی است	عمومی
narrow	بار یک	عمومی
nearby	در نزدیکی	عمومی
neither	نه	عمومی
nose	بینی	عمومی
nothing	هیچ چی	عمومی
nail	ناخن	عمومی
noise	سر و صدا	عمومی
none	هیچ کدام	عمومی
necessary	لازم است	عمومی
news	اخبار	عمومی
note	توجه داشته باشید	عمومی
nasty	تند و زننده	عمومی
native	بومی	عمومی
night	شب	عمومی
nation	ملت	عمومی
negative	منفی	عمومی
normally	به طور معمول	عمومی
negotiate	مذاکره کن	عمومی
nurse	پرستار	عمومی
network	شبکه	عمومی
north	شمال	عمومی
newspaper	روزنامه	عمومی
nice	خوب	عمومی
neck	گردن	عمومی
notice	اطلاع	عمومی
normal	طبیعی	عمومی
near	نزدیک	عمومی
neat	شسته و رفته	عمومی
negotiation	مذاکره	عمومی
nerve	عصب	عمومی
nervous	عصبی	عمومی
nowhere	هیچ جایی	عمومی
naturally	به طور طبیعی	عمومی
nearly	تقر یبا	عمومی
novel	رمان	عمومی
of	از	عمومی
or	یا	عمومی
on	بر	عمومی
opposite	مخالف	عمومی
one	یکی	عمومی
other	دیگر	عمومی
out	بیرون	عمومی
our	ما	عمومی
only	فقط	عمومی
often	غالبا	عمومی
over	روی	عمومی
own	خودت	عمومی
once	یک بار	عمومی
off	خاموش	عمومی
operate	کار کن	عمومی
originally	در اصل	عمومی
obvious	آشکار	عمومی
order	سفارش	عمومی
ourselves	خودمان	عمومی
owner	صاحب	عمومی
oven	فر	عمومی
offer	پیشنهاد	عمومی
oil	نفت	عمومی
obviously	بدیهی است	عمومی
operation	عمل	عمومی
open	باز کن	عمومی
organization	سازمان	عمومی
occasion	مناسبت	عمومی
outcome	نتیجه	عمومی
old	قدیمی	عمومی
overcome	غلبه بر	عمومی
owe	مدیون	عمومی
object	شی	عمومی
outside	خارج از	عمومی
opening	افتتاح	عمومی
orange	نارنجی	عمومی
ordinary	عادی	عمومی
organize	سازمان دادن	عمومی
ought	باید	عمومی
original	اصلی	عمومی
occur	به وقوع پیوستن	عمومی
office	دفتر	عمومی
overall	به طور کلی	عمومی
official	رسمی	عمومی
opportunity	فرصت	عمومی
opinion	نظر	عمومی
otherwise	در غیر این صورت	عمومی
objective	هدف	عمومی
officer	افسر	عمومی
obligation	تعهد	عمومی
odd	فرد	عمومی
ok	خوب	عمومی
obtain	به دست آوردن	عمومی
occasionally	گاه و بیگاه	عمومی
option	گز ینه	عمومی
organized	سازمان یافته است	عمومی
pass	عبور	عمومی
people	مردم	عمومی
patience	صبر	عمومی
pitch	زمین	عمومی
possibly	احتمالا	عمومی
powerful	قدرتمند	عمومی
party	مهمانی	عمومی
personality	شخصیت	عمومی
personally	شخصا	عمومی
practical	کاربردی	عمومی
principle	اصل	عمومی
print	چاپ	عمومی
psychological	روانشناسی	عمومی
psychology	روانشناسی	عمومی
place	محل	عمومی
public	عمومی	عمومی
part	بخشی	عمومی
path	مسیر	عمومی
possession	در اختیار داشتن	عمومی
preparation	آماده سا زی	عمومی
progress	پیش رفتن	عمومی
project	پروژه	عمومی
prove	ثابت كردن	عمومی
process	روند	عمومی
popular	محبوب	عمومی
person	فرد	عمومی
play	بازی	عمومی
point	نقطه	عمومی
put	قرار دادن	عمومی
provide	فراهم کند	عمومی
problem	مسئله	عمومی
power	قدرت	عمومی
peace	صلح	عمومی
pipe	لوله	عمومی
please	لطفا	عمومی
preference	ترجیح	عمومی
previous	قبلی	عمومی
pull	کشیدن	عمومی
pure	خالص	عمومی
past	گذشته	عمومی
price	قیمت	عمومی
possible	امکان پذیر است	عمومی
particular	خاص	عمومی
product	تولید - محصول	عمومی
personal	شخصی	عمومی
practice	تمرین	عمومی
pain	درد	عمومی
participate	شرکت کردن	عمومی
pleasure	لذت	عمومی
priority	اولو یت	عمومی
protection	حفاظت	عمومی
physical	فیزیکی	عمومی
piece	قطعه	عمومی
pay	پرداخت	عمومی
page	صفحه	عمومی
picture	عکس	عمومی
potential	پتانسیل	عمومی
professional	حرفه ای	عمومی
parking	پارکینگ	عمومی
partner	شر یک	عمومی
perfectly	کاملا	عمومی
physically	از لحاظ جسمی	عمومی
profile	مشخصات	عمومی
proud	مغرور	عمومی
player	بازیکن	عمومی
probably	شاید	عمومی
period	دوره زمانی	عمومی
physics	فیز یک	عمومی
plan	طرح	عمومی
policy	سیاست	عمومی
political	سیاسی	عمومی
purchase	خر ید	عمومی
primary	اولیه	عمومی
paper	کاغذ	عمومی
package	بسته بندی	عمومی
patient	صبور	عمومی
pause	مکث	عمومی
permission	مجوز	عمومی
phrase	عبارت	عمومی
presentation	ارائه	عمومی
prior	قبل از	عمومی
promotion	ترفیع	عمومی
proof	اثبات	عمومی
positive	مثبت	عمومی
produce	تولید کردن	عمومی
present	حاضر	عمومی
program	برنامه	عمومی
purpose	هدف	عمومی
perform	انجام دادن	عمومی
profit	سود	عمومی
proper	مناسب	عمومی
philosophy	فلسفه	عمومی
parent	والدین	عمومی
pattern	الگو	عمومی
pin	پین	عمومی
poetry	شعر	عمومی
police	پلیس	عمومی
pool	استخر	عمومی
possess	داشتن	عمومی
possibility	امکان پذی ری	عمومی
pound	پوند	عمومی
procedure	روش	عمومی
position	موقعیت	عمومی
pressure	فشار	عمومی
protect	محافظت	عمومی
paint	رنگ	عمومی
pregnant	باردار	عمومی
prepare	آماده کردن	عمومی
painting	رنگ آمی زی	عمومی
politics	سیاست	عمومی
pace	سرعت	عمومی
panic	وحشت	عمومی
peak	اوج	عمومی
pick	انتخاب کنید	عمومی
poor	فقیر	عمومی
pot	گلدان	عمومی
pretty	بسیار	عمومی
property	و یژگی	عمومی
perception	ادراک	عمومی
permit	مجوز	عمومی
pie	پای	عمومی
plane	سطح	عمومی
poem	شعر	عمومی
presence	حضور	عمومی
proposal	پیشنهاد	عمومی
provided	ارائه شده	عمومی
population	جمعیت	عمومی
president	رئيس جمهور	عمومی
private	خصوصی	عمومی
perfect	کامل	عمومی
performance	کارایی	عمومی
post	پست	عمومی
prefer	ترجیح می دهند	عمومی
prevent	جلوگی ری کردن	عمومی
properly	به درستی	عمومی
penalty	مجازات	عمومی
pension	حقوق بازنشستگی	عمومی
piano	پیانو	عمومی
plate	بشقاب	عمومی
pleasant	دلپذیر	عمومی
pleased	خوشحال	عمومی
potato	سیب زمینی	عمومی
profession	حرفه	عمومی
professor	استاد	عمومی
prompt	سر یع	عمومی
proposed	پیشنهاد شده	عمومی
purple	رنگ بنفش	عمومی
pursue	دنبال کردن	عمومی
phone	تلفن	عمومی
plant	گیاه	عمومی
plastic	پلاستیک	عمومی
primarily	در درجه اول	عمومی
pair	جفت	عمومی
payment	پرداخت	عمومی
plus	به علاوه	عمومی
press	مطبوعات	عمومی
perspective	چشم انداز	عمومی
phase	فاز	عمومی
photo	عکس	عمومی
passage	پاساژ	عمومی
passenger	مسافر	عمومی
pen	خودکار	عمومی
persuade	متقاعد کردن	عمومی
pizza	پیتزا	عمومی
platform	سکو	عمومی
poet	شاعر	عمومی
pollution	آلودگی	عمومی
pop	پاپ	عمومی
pour	ر یختن	عمومی
pray	دعا کن	عمومی
pretend	وانمود کنید	عمومی
previously	قبلا	عمومی
pride	غرور	عمومی
priest	کشیش	عمومی
prize	جایزه	عمومی
promise	وعده	عمومی
propose	پیشنهاد میکنم	عمومی
punch	پانچ	عمومی
pack	بسته	عمومی
park	پارک	عمومی
passion	شور	عمومی
percentage	درصد	عمومی
plenty	مقدار ز یادی	عمومی
push	فشار دادن	عمومی
quite	کاملا	عمومی
quality	کیفیت	عمومی
quickly	به سرعت	عمومی
question	سوال	عمومی
queen	ملکه	عمومی
quick	سر یع	عمومی
qualify	واجد شرایط بودن	عمومی
quote	نقل قول	عمومی
quantity	کمیت	عمومی
quiet	ساکت	عمومی
quit	ترک	عمومی
quarter	ربع	عمومی
red	قرمز	عمومی
remote	از راه دور	عمومی
raise	بالا بردن	عمومی
rarely	به ندرت	عمومی
recommendation	توصیه	عمومی
regularly	به طور منظم	عمومی
relative	نسبت فامیلی	عمومی
response	واکنش	عمومی
right	درست	عمومی
read	خواندن	عمومی
react	واکنش نشان می دهند	عمومی
recognize	تشخیص	عمومی
relax	آروم باش	عمومی
replace	جایگز ین کردن	عمومی
really	واقعا	عمومی
reading	خواندن	عمومی
radio	رادیو	عمومی
raw	خام	عمومی
reflect	منعکس کننده	عمومی
region	منطقه	عمومی
republic	جمهو ری	عمومی
roughly	تقر یبا	عمومی
real	واقعی	عمومی
risk	خطر	عمومی
research	پژوهش	عمومی
repeat	تکرار	عمومی
round	دور	عمومی
remember	یاد آوردن	عمومی
rather	نسبتا	عمومی
recording	ضبط	عمومی
relate	مربوط بودن	عمومی
respect	توجه	عمومی
rice	برنج	عمومی
routine	معمولی	عمومی
range	دامنه	عمومی
rate	نرخ	عمومی
reason	دلیل	عمومی
record	رکورد	عمومی
result	نتيجه	عمومی
rule	قانون	عمومی
race	نژاد	عمومی
reasonable	معقول	عمومی
reflection	انعکاس	عمومی
refrigerator	یخچال	عمومی
relief	تسکین	عمومی
repair	تعمیر	عمومی
resolution	وضوح	عمومی
revenue	درآمد	عمومی
rough	خشن	عمومی
rock	سنگ	عمومی
related	مربوط	عمومی
remove	برداشتن	عمومی
rent	اجاره	عمومی
return	برگشت	عمومی
run	اجرا کن	عمومی
regular	رگولار (صعودکننده برج)	مانهوا
reserve	ذخیره	عمومی
ratio	نسبت	عمومی
readily	به راحتی	عمومی
relation	رابطه	عمومی
relieve	از بین بردن	عمومی
request	درخواست	عمومی
respond	پاسخ دادن	عمومی
restaurant	رستوران	عمومی
retain	حفظ	عمومی
royal	سلطنتی	عمومی
reach	نائل شدن	عمومی
rest	باقی مانده	عمومی
require	نیاز	عمومی
review	مرور	عمومی
road	جاده	عمومی
role	نقش	عمومی
room	اتاق	عمومی
ready	آماده	عمومی
report	گزارش	عمومی
rise	بالا آمدن	عمومی
receive	دريافت كردن	عمومی
realistic	واقع بین	عمومی
reception	پذیرش	عمومی
recover	بهبود پیدا کن	عمومی
replacement	جایگز ینی	عمومی
resolve	برطرف کردن	عمومی
retire	بازنشسته	عمومی
revolution	انقلاب	عمومی
reward	جایزه	عمومی
rid	خلاص شدن از شر	عمومی
river	رودخانه	عمومی
roll	رول	عمومی
row	ردیف	عمومی
realize	تحقق بخشیدن	عمومی
responsible	مسئول	عمومی
recent	اخیر	عمومی
refer	مراجعه کنید	عمومی
relationship	ارتباط	عمومی
rich	ثروتمند	عمومی
reaction	واکنش	عمومی
refuse	امتناع	عمومی
regret	پشيمان شدن	عمومی
remaining	باقی مانده است	عمومی
requirement	مورد نیاز	عمومی
reveal	آشکار ساختن	عمومی
ruin	خراب کردن	عمومی
reduce	كاهش دادن	عمومی
relatively	به طور نسبی	عمومی
rush	هجوم بردن	عمومی
rain	باران	عمومی
rare	نادر	عمومی
release	رهایی	عمومی
reality	واقعیت	عمومی
remain	ماندن	عمومی
represent	نمایندگی	عمومی
responsibility	مسئوليت	عمومی
ride	سوار شدن	عمومی
recently	به تازگی	عمومی
recipe	دستور العمل	عمومی
recommend	توصیه	عمومی
reference	مرجع	عمومی
register	ثبت نام	عمومی
relevant	مربوط	عمومی
rely	تکیه	عمومی
recognition	به رسمیت شناختن	عمومی
remarkable	قابل توجه	عمومی
remind	یادآو ری کن	عمومی
reply	پاسخ	عمومی
representative	نماینده	عمومی
reputation	شهرت	عمومی
resident	ساکن	عمومی
resist	مقاومت کردن	عمومی
resort	رفت و آمد مکرر	عمومی
ring	حلقه	عمومی
rip	پاره كردن	عمومی
roof	سقف	عمومی
rope	طناب	عمومی
rub	مالش دادن	عمومی
resource	منابع	عمومی
some	برخی از	عمومی
so	بنابراین	عمومی
such	چنین	عمومی
secretary	دبیر، منشی	عمومی
slightly	کمی	عمومی
solution	راه حل	عمومی
somewhat	تاحدی	عمومی
strength	استحکام	عمومی
suggest	پیشنهاد می دهد	عمومی
survive	زنده ماندن	عمومی
see	دیدن	عمومی
should	باید	عمومی
sale	فروش	عمومی
season	فصل	عمومی
selection	انتخاب	عمومی
severe	شدید	عمومی
signal	سیگنال	عمومی
similarly	به همین ترتیب	عمومی
sleep	بخواب	عمومی
smooth	صاف	عمومی
somewhere	جایی	عمومی
spirit	روح	عمومی
storage	ذخیره سا زی	عمومی
street	خیابان	عمومی
suitable	مناسب	عمومی
same	یکسان	عمومی
study	مطالعه	عمومی
still	هنوز	عمومی
system	سیستم	عمومی
since	از آنجا که	عمومی
start	شروع کن	عمومی
sure	مطمئن	عمومی
something	یه چیزی	عمومی
sea	در یا	عمومی
sensitive	حساس	عمومی
sit	نشستن	عمومی
south	جنوب	عمومی
status	وضعیت	عمومی
steak	استیک	عمومی
stuff	چیز	عمومی
sufficient	کافی است	عمومی
she	او	عمومی
specific	خاص	عمومی
small	کوچک	عمومی
set	تنظیم	عمومی
sometimes	گاه گاهی	عمومی
say	گفتن	عمومی
simple	ساده	عمومی
software	نرم افزار	عمومی
state	حالت	عمومی
seat	صندلی	عمومی
send	ارسال	عمومی
significantly	به طور قابل ملاحظه	عمومی
soft	نرم	عمومی
solid	جامد	عمومی
stable	پایدار	عمومی
storm	طوفان	عمومی
substance	مواد	عمومی
size	اندازه	عمومی
science	علوم پایه	عمومی
several	چند	عمومی
someone	کسی	عمومی
simply	به سادگی	عمومی
school	مدرسه	عمومی
sense	احساس	عمومی
service	سرویس	عمومی
score	نمره	عمومی
screw	پیچ	عمومی
seek	به دنبال	عمومی
sex	ارتباط جنسی	عمومی
sharp	تیز	عمومی
shop	فروشگاه	عمومی
shower	دوش	عمومی
sing	آواز خواندن	عمومی
slide	اسلاید	عمومی
strip	نوار	عمومی
suggestion	پیشنهاد	عمومی
suit	کت و شلوار	عمومی
show	نشان بده	عمومی
society	جامعه	عمومی
second	دومین	عمومی
short	کوتاه	عمومی
story	داستان	عمومی
sport	ورزش	عمومی
scared	ترسیده	عمومی
single	تنها	عمومی
sound	صدا	عمومی
safety	ایمنی	عمومی
soil	خاک	عمومی
sample	نمونه	عمومی
schedule	برنامه	عمومی
site	سایت	عمومی
special	ویژه	عمومی
security	امنیت	عمومی
settle	حل کن	عمومی
smell	بو	عمومی
somehow	به نحوی	عمومی
spiritual	روحانی	عمومی
survey	نظرسنجی	عمومی
swimming	شنا كردن	عمومی
section	بخش	عمومی
store	فروشگاه	عمومی
series	سلسله	عمومی
side	سمت	عمومی
subject	موضوع	عمومی
supply	عرضه	عمومی
space	فضا	عمومی
strategy	استراتژی	عمومی
similar	مشابه	عمومی
stock	موجودی	عمومی
sad	غمگین	عمومی
sand	شن	عمومی
scratch	خراش	عمومی
sentence	جمله	عمومی
session	جلسه	عمومی
shoulder	شانه	عمومی
sick	بیمار	عمومی
singer	خواننده	عمومی
smoke	دود	عمومی
stomach	معده	عمومی
strange	عجیب	عمومی
strict	سخت گیرانه	عمومی
strike	ضربه	عمومی
string	رشته	عمومی
succeed	موفق باش	عمومی
successfully	با موفقیت	عمومی
suddenly	ناگهان	عمومی
suffer	رنج بردن	عمومی
search	جستجو کردن	عمومی
source	منبع	عمومی
spend	خرج کردن	عمومی
salt	نمک	عمومی
surprised	غافلگیر شدن	عمومی
scale	مقیاس	عمومی
sun	آفتاب	عمومی
support	حمایت کردن	عمومی
speed	سرعت	عمومی
strong	قوی	عمومی
style	سبک	عمومی
standard	استاندارد	عمومی
salary	حقوق	عمومی
serve	خدمت	عمومی
stress	فشار	عمومی
significant	قابل توجه	عمومی
step	گام	عمومی
successful	موفق شدن	عمومی
satisfaction	رضایت	عمومی
sector	بخش	عمومی
senior	ارشد	عمومی
shame	شرم آور	عمومی
shelter	پناه	عمومی
shoe	کفش	عمومی
shut	بسته شدن	عمومی
signature	امضا	عمومی
significance	اهمیت	عمومی
silver	نقره	عمومی
somebody	کسی	عمومی
song	ترانه	عمومی
southern	جنوب	عمومی
split	شکاف	عمومی
strain	نژاد	عمومی
struggle	مبارزه	عمومی
super	فوق العاده	عمومی
swim	شنا کردن	عمومی
safe	بی خطر	عمومی
screen	صفحه نمایش	عمومی
soup	سوپ	عمومی
stay	اقامت کردن	عمومی
structure	ساختار	عمومی
share	اشتراک گذا ری	عمومی
success	موفقیت	عمومی
shape	شکل	عمومی
straight	مستقیم	عمومی
seem	به نظر می رسد	عمومی
shopping	خريد كردن	عمومی
sign	امضا کردن	عمومی
student	دانشجو	عمومی
sandwich	ساندو یچ	عمومی
shock	شوکه شدن	عمومی
sink	فرو رفتن	عمومی
slip	لیز خوردن	عمومی
son	فرزند پسر	عمومی
sorry	متاسف	عمومی
spare	یدکی	عمومی
speech	سخنرانی - گفتار	عمومی
spite	ببخشید	عمومی
spray	افشانه	عمومی
surprise	تعجب	عمومی
suspect	مشکوک	عمومی
sweet	شیر ین	عمومی
swing	تاب خوردن	عمومی
separate	جداگانه	عمومی
square	مربع	عمومی
stop	متوقف کردن	عمومی
solve	حل	عمومی
star	ستاره	عمومی
save	صرفه جو یی	عمومی
self	خود	عمومی
shot	شات	عمومی
soon	به زودی	عمومی
specifically	به طور مشخص	عمومی
stand	ایستادن	عمومی
scene	صحنه	عمومی
serious	جدی	عمومی
slowly	به آرامی	عمومی
speak	صحبت	عمومی
spot	نقطه	عمومی
summer	تابستان	عمومی
salad	سالاد	عمومی
sexual	جنسیت	عمومی
shake	لرزش	عمومی
shift	تغییر مکان	عمومی
shine	درخشش	عمومی
ship	کشتی	عمومی
sister	خواهر	عمومی
skirt	دامن	عمومی
slice	قطعه	عمومی
snow	برف	عمومی
specialist	متخصص	عمومی
specify	مشخص كردن	عمومی
steal	سرقت کن	عمومی
stroke	سکته مغ زی	عمومی
strongly	به شدت	عمومی
suck	مکیدن	عمومی
sudden	ناگهانی	عمومی
supermarket	سوپر مارکت	عمومی
surround	فراگیر	عمومی
switch	سوئیچ	عمومی
sell	فروش	عمومی
slow	آرام	عمومی
savings	پس انداز	عمومی
secret	راز	عمومی
situation	وضعیت	عمومی
skill	مهارت	عمومی
spread	انتشار دادن	عمومی
spring	بهار	عمومی
staff	کارکنان	عمومی
statement	بیانیه	عمومی
sugar	قند	عمومی
secure	امن است	عمومی
seriously	به طور جدی	عمومی
shoot	شلیک	عمومی
sky	آسمان	عمومی
stage	مرحله	عمومی
stick	چوب	عمومی
studio	استودیو	عمومی
sail	بادبان	عمومی
scheme	طرح	عمومی
script	اسکر یپت	عمومی
shall	باید	عمومی
shirt	پیراهن	عمومی
silly	احمقانه	عمومی
sir	آقا	عمومی
slight	کمی	عمومی
smart	هوشمندانه	عمومی
smile	لبخند	عمومی
sock	جوراب	عمومی
speaker	بلندگو	عمومی
select	انتخاب کنید	عمومی
setting	تنظیمات	عمومی
skin	پوست	عمومی
sort	مرتب سا زی	عمومی
spell	هجی کردن	عمومی
station	ایستگاه	عمومی
stranger	غر یبه	عمومی
stretch	بسط	عمومی
stupid	احمق	عمومی
submit	ارسال	عمومی
substantial	قابل توجه است	عمومی
suppose	فرض کنید	عمومی
surgery	عمل جراحي	عمومی
suspicious	مشکوک	عمومی
sympathy	ابراز همدردی	عمومی
the	این	عمومی
to	به	عمومی
that	آن	عمومی
this	این	عمومی
they	آنها	عمومی
there	آنجا	عمومی
their	خودشان	عمومی
time	زمان	عمومی
these	اینها	عمومی
than	از	عمومی
them	آنها	عمومی
through	از طریق	عمومی
total	جمع	عمومی
traffic	ترافیک	عمومی
treat	درمان شود	عمومی
trip	سفر	عمومی
then	سپس	عمومی
take	بیا	عمومی
two	دو	عمومی
those	کسانی که	عمومی
tree	درخت	عمومی
think	فکر	عمومی
too	هم	عمومی
tap	شیر	عمومی
ticket	بلیط	عمومی
tour	تور	عمومی
thanks	با تشکر	عمومی
though	گرچه	عمومی
thank	ممنون	عمومی
type	تایپ کنید	عمومی
theory	تئوری	عمومی
tonight	امشب	عمومی
together	با یکدیگر	عمومی
team	تیم	عمومی
tradition	سنت	عمومی
trick	ترفند	عمومی
television	تلویزیون	عمومی
three	سه	عمومی
trade	تجارت	عمومی
temperature	درجه حرارت	عمومی
today	امروز	عمومی
training	آموزش	عمومی
top	بالا	عمومی
tension	تنش	عمومی
thick	غلیظ	عمومی
tone	لحن	عمومی
totally	کاملا	عمومی
twice	دو برابر	عمومی
try	تلاش كردن	عمومی
thing	چیز	عمومی
term	دوره	عمومی
test	تست	عمومی
turn	دور زدن	عمومی
travel	مسافرت رفتن	عمومی
true	درست است	عمومی
telephone	تلفن	عمومی
tie	کراوات	عمومی
tip	نکته	عمومی
transportation	حمل و نقل	عمومی
tax	مالیات	عمومی
therefore	از این رو	عمومی
thought	فکر	عمومی
technology	تکنولوژی	عمومی
talk	صحبت	عمومی
truth	حقیقت	عمومی
tell	بگو	عمومی
themselves	خودشان	عمومی
tennis	تنیس	عمومی
throw	پرت كردن	عمومی
tourist	تور یستی	عمومی
towel	حوله	عمومی
truly	براستی	عمومی
traditional	سنتی	عمومی
tend	گرایش داشتن	عمومی
thus	بدین ترتیب	عمومی
throughout	در سراسر	عمومی
teacher	معلم	عمومی
tackle	برخورد با	عمومی
tank	مخزن	عمومی
terribly	وحشتناک	عمومی
tight	تنگ	عمومی
tooth	دندان	عمومی
town	شهر	عمومی
train	قطار	عمومی
trust	اعتماد	عمومی
tool	ابزار	عمومی
table	جدول	عمومی
task	وظیفه	عمومی
tea	چای	عمومی
till	تا	عمومی
teach	تدر یس کنید	عمومی
transition	گذار	عمومی
twist	پیچ	عمومی
teaching	درس دادن	عمومی
taste	طعم و مزه	عمومی
theme	موضوع	عمومی
towards	به سمت	عمومی
track	مسیر	عمومی
terrible	وحشتناک	عمومی
tired	خسته شدم	عمومی
tongue	زبان	عمومی
trash	زباله ها	عمومی
tune	اهنگ	عمومی
technical	فنی	عمومی
typical	معمول	عمومی
target	هدف	عمومی
text	متن	عمومی
tough	سخت است	عمومی
thin	لاغر	عمومی
title	عنوان	عمومی
topic	موضوع	عمومی
touch	دست زدن به	عمومی
trouble	مشکل	عمومی
tale	داستان	عمومی
tall	بلند قد	عمومی
tear	اشک	عمومی
temporary	موقت	عمومی
throat	گلو	عمومی
tiny	کوچک	عمومی
toe	پا	عمومی
tomorrow	فردا	عمومی
tower	برج	عمومی
trainer	مربی	عمومی
translate	ترجمه کردن	عمومی
truck	کامیون	عمومی
use	استفاده کنید	عمومی
up	بالا	عمومی
used	استفاده شده	عمومی
us	ما	عمومی
usually	معمولا	عمومی
union	اتحادیه	عمومی
unusual	غیر معمول	عمومی
understanding	درك كردن	عمومی
under	زیر	عمومی
understand	فهمیدن	عمومی
united	متحد	عمومی
until	تا زمان	عمومی
useful	مفید است	عمومی
unhappy	ناراضی	عمومی
upset	ناراحت	عمومی
university	دانشگاه	عمومی
user	کاربر	عمومی
unless	مگر اینکه	عمومی
unfair	غیر منصفانه	عمومی
unfortunately	متاسفانه	عمومی
upper	بالا	عمومی
unique	منحصر بفرد	عمومی
unit	واحد	عمومی
ugly	زشت	عمومی
unlikely	بعید است	عمومی
upstairs	از پله ها	عمومی
usual	معمولی	عمومی
unable	ناتوان	عمومی
upon	بر	عمومی
ultimately	در نهایت	عمومی
uncle	دایی	عمومی
vast	عظیم	عمومی
vegetable	سبز یجات	عمومی
very	خیلی	عمومی
version	نسخه	عمومی
value	ارزش	عمومی
virus	و یروس	عمومی
various	مختلف	عمومی
variation	تغییر	عمومی
variety	تنوع	عمومی
video	ویدئو	عمومی
vacation	تعطیلات	عمومی
virtually	عملا	عمومی
vehicle	وسیله نقلیه	عمومی
visible	قابل رو یت	عمومی
volume	حجم	عمومی
view	چشم انداز	عمومی
visit	بازدید کنید	عمومی
visual	بص ری	عمومی
village	دهکده	عمومی
voice	صدای	عمومی
valuable	با ارزش	عمومی
vary	متفاوت	عمومی
with	با	عمومی
will	اراده	عمومی
what	چی	عمومی
which	که	عمومی
when	چه زمانی	عمومی
was	بود	عمومی
we	ما	عمومی
who	که	عمومی
work	کار	عمومی
water	اب	عمومی
way	مسیر	عمومی
well	خوب	عمومی
were	بود	عمومی
would	خواهد شد	عمومی
world	جهان	عمومی
where	جایی که	عمومی
want	خواستن	عمومی
wave	موج	عمومی
while	در حالی که	عمومی
why	چرا	عمومی
without	بدون	عمومی
win	پیرو زی	عمومی
whether	چه	عمومی
wear	پوشیدن	عمومی
weird	عجیب و غر یب	عمومی
wonder	تعجب	عمومی
word	کلمه	عمومی
whereas	در حالی که	عمومی
window	پنجره	عمومی
wise	عاقل	عمومی
wish	آرزو کردن	عمومی
web	وب	عمومی
within	در داخل	عمومی
week	هفته	عمومی
working	کار کردن	عمومی
whole	کل	عمومی
wild	وحشی	عمومی
winter	زمستان	عمومی
worth	ارزش	عمومی
weather	هوا	عمومی
west	غرب	عمومی
wheel	چرخ	عمومی
wine	شراب	عمومی
writing	نوشتن	عمومی
war	جنگ	عمومی
watch	تماشا کردن	عمومی
wide	وسیع	عمومی
wash	شستشو	عمومی
waste	دور ر یختنی	عمومی
wife	همسر	عمومی
write	نوشتن	عمومی
wrong	اشتباه	عمومی
walk	راه رفتن	عمومی
white	سفید	عمومی
wind	باد	عمومی
wood	چوب	عمومی
western	غربی	عمومی
warning	هشدار	عمومی
weekend	تعطیلات آخر هفته	عمومی
weigh	وزن کن	عمومی
welcome	خوش آمدی	عمومی
winner	برنده	عمومی
worker	کارگر	عمومی
writer	نو یسنده	عمومی
willing	مایلم	عمومی
warm	گرم	عمومی
wonderful	فوق العاده	عمومی
whatever	هر چه	عمومی
wing	بال	عمومی
worry	نگرانی	عمومی
warn	هشدار بده	عمومی
weak	ضعیف	عمومی
weakness	ضعف	عمومی
wedding	عروسی	عمومی
wooden	چوبی	عمومی
worried	نگران	عمومی
wall	دیوار	عمومی
woman	زن	عمومی
wait	صبر کن	عمومی
wealth	ثروت	عمومی
whenever	هر زمان که	عمومی
whose	که	عمومی
widely	به طور گسترده ای	عمومی
weight	وزن	عمومی
wake	از خواب بیدار	عمومی
weekly	هفتگی	عمومی
whoever	هر کس	عمومی
witness	شاهد	عمومی
wrap	بسته بندی کردن	عمومی
you	شما	عمومی
your	خودت	عمومی
year	سال	عمومی
yourself	خودت	عمومی
yet	هنوز	عمومی
yellow	رنگ زرد	عمومی
yours	شما	عمومی
yes	بله	عمومی
yard	حیاط	عمومی
young	جوان	عمومی
yeah	آره	عمومی
yesterday	دیروز	عمومی
youth	جوانان	عمومی
zone	منطقه	عمومی
a barnburner	مسابقه مهیج	اصطلاح
a bawling out	سرزنش کردن، خطابه گفتن	اصطلاح
a big wheel	شخص با قدرت، شخص با نفوذ	اصطلاح
a bird in the hand is worth two in the bush	به چیزی که داری قانع باش	اصطلاح
a bit	قدری، مقدار نامعلومی، مختصری	اصطلاح
a bit much	کمی بیشتر	اصطلاح
a bout it	حاضر، آماده، زیرک، مطلع، آرام	اصطلاح
a bundle of nerves	آدم عصبانی	اصطلاح
a chip on your shoulder	عصبانی بودن بخاطر چیزی که قبلا اتفاق افتاده	اصطلاح
a cock and bull story	عذر بدتر از گناه	اصطلاح
a daredevil	باشهامت، شجاع، جسور	اصطلاح
a dead heat	مشاجره یا مسابقه ای که برنده نداشته باشد	اصطلاح
a dime a dozen	چیزی که ارزان و راحت بدست بیاید	اصطلاح
a drop in the bucket	چیزی که بدلیل کوچک بودن اهمیت ندارد	اصطلاح
a flash in the pan	یک موفقیت ناگهانی که خیلی زود از بین برود	اصطلاح
a fool and his money are easily parted	یه احمق راحت پولش را از دست میدهد	اصطلاح
a go go	کاباره، بشگاه شبانه ای برای رقص، در حال چرخش بودن	اصطلاح
a guinea pig	موش ازمایشگاه	اصطلاح
a lift	انرژی، احساس مثبت، دلگرمی	اصطلاح
a loaf of bread is better than the song of many birds	یک تکه نان از آواز پرندگان زیاد بهتر است	اصطلاح
a man of means	آدم ثروتمند، مثال، He she is a man woman of means، He she is wealthy money is no object، این جمله توسط یه آدم مایه دار مورد استفاده قرار می‌گیرد، یعنی: از نظر مادی مشکلی وجود ندارد	اصطلاح
a man of the world	سرد و گرم چشیده، دنیا دیده	اصطلاح
a moneyless man goes fast through market	یک مرد بی پول از میان بازار سریع میگذرد	اصطلاح
a nail-biter	مردد	اصطلاح
a number	درجه یک، بالاترین حد	اصطلاح
a penny saved is a penny earned	قطره قطره جمع گردد وانگهی دریا شود	اصطلاح
a piece of cake	کاری که انجام آن ساده است. مثل آب خوردن	اصطلاح
a pyrrhic victory	آفتابه خرج لحیم کردن	اصطلاح
a rolling stone gathers no moss	یک سنگ چرخان هیچ خزه ای جمع نخواهد کرد	اصطلاح
a shot in the dark	تیری در تاریکی انداختن	اصطلاح
a shoulder to cry on	سنگ صبور، همدرد	اصطلاح
a slap on the wrist	تنبیه خیلی ملایم	اصطلاح
a slip of the tongue	وقتی چیزی را گفته اید که قصد گفتنش را نداشته اید، اشتباه لپی	اصطلاح
a taste of your own medicine	اجرای کاربد تو درمورد خودت تا درسی برایت باشد	اصطلاح
a toss-up	وقتی در مورد نتیجه کار مطمین نباشیم	اصطلاح
a wolf in sheep's clothing	گرگ در لباس میش	اصطلاح
a-1	درجه یک، بالاترین حد	اصطلاح
abbreviated piece of nothing	شخص یا چیز ناچیز	اصطلاح
abe	صورتحساب یا انعام پنج دلاری	اصطلاح
able to cut something	توانایی مدیریت و اجرای کاری	اصطلاح
abound in	زیاد داشتن	اصطلاح
abound with	زیاد داشتن	اصطلاح
abs	ماهیچه‌های شکمی	اصطلاح
absence makes the heart grow fonder	افزایش علاقه دو نفر بخاطر دور بودن از هم، دور باش و دوست باش	اصطلاح
abso-bloody-lutely	کاملا، مطلقا	اصطلاح
absotively	قطعا	اصطلاح
abundant in	بسیار داشتن	اصطلاح
ac-dc	دوجنسی	اصطلاح
ace	یک دلار، به راحتی عبور کردن، اسمی برای آدم احمق و بیفایده، پیروز شدن	اصطلاح
ace boom-boom	دوست خوب و باوفا	اصطلاح
ace in	مدیریت برای رسیدن به چیزی، رهنمون شدن به سوی چیز خوبی	اصطلاح
ace in the hole	استعداد و توان بالقوه	اصطلاح
ace out	خوش شانس و خوش قدم	اصطلاح
aced	جلو افتاده، جلوتر از، مست	اصطلاح
acid test	نهایت آزمایش برای اعتماد به شخصی	اصطلاح
actions speak louder than words	آدم با عملش سنجیده میشه نه با حرفش	اصطلاح
add fuel to the fire	انجام کاری که شرایط را بدتر از قبل کند	اصطلاح
adhesive bound	صحافی کامل کتاب	اصطلاح
adsorbent	جاذب	اصطلاح
adsorbtion	جذب بوسیله جامد	اصطلاح
aerospace industry	صنعت هوا فضا	اصطلاح
aerostatic balance	وسیله ای برای سنجش هوا	اصطلاح
after a storm comes a calm	بعد از یک توفان یک آرامش می‌آید	اصطلاح
afterboil	جوش آوردن وسیله موتوری	اصطلاح
aftercooler	مبدل حرارتی که هوای فشرده را سرد میکند در اتومبیلهای توربو شارژ	اصطلاح
afterrunning	عملیات پیوسته بعد از خاموش شدن جرقه	اصطلاح
against the clock	سخت کارکردن برای انجام سروقت کارها	اصطلاح
against the grain	با انجام امور بر خلاف میل دیگران اوضاع را مشکل کردن	اصطلاح
aggregate bin	انبار مصالح	اصطلاح
agitating speed	سرعت دوران همزن	اصطلاح
agree to disagree	کسی که با بحث کردن موافق است اما بر عقیده خود باقی میماند	اصطلاح
agricultural pipe drain	سیستم زهکشی لوله ای	اصطلاح
ahead of the game	اتمام کار، پرداخت تمام صورتحسابها	اصطلاح
aided-tracking ratio	نسبت تعقیب خودکار نسبت بین سرعت ردیابی و هدف متحرک	اصطلاح
aiguille	قله، مته بلند و باریک	اصطلاح
aim for the sky	آرزوی بزرگ داشتن	اصطلاح
ain t long enough	مجموع پول کافی نباشد	اصطلاح
air aspirator valve	دریچه مکنده هوا در سیستم اگزز برای تبدیل مونواکسید کربن به دی اکسیدکربن	اصطلاح
air bag	کیسه هوا	اصطلاح
air ball	شوت خطا در بسکتبال که به صفحه یا لبه سبد نخورد	اصطلاح
air belt	میله تعدیل فشار هوا	اصطلاح
air cap	وسیله ای برای اسپری حرارتی	اصطلاح
air casing	پوشش، عایق	اصطلاح
air classifier	وسیله ای برای دسته بندی با هوا	اصطلاح
air guitar	گیتار فرضی که شخصی با آن به شکل موسیقی راک برقصد	اصطلاح
air one s belly	شکم کسی را خالی کردن، استفراغ کردن	اصطلاح
air one s pores	لباس خود را کندن، عریان شدن	اصطلاح
air-actuated	راندن با هوای فشرده	اصطلاح
air-arc furnace	کوره قوس هوا برای ایجاد تونل باد با هوای فوق داغ	اصطلاح
air-assist forming	روش شکل دهی حرارتی پلاستیکها با فشار هوا	اصطلاح
air-atomizing oil burner	مشعل نفت قطره ای	اصطلاح
air-bags	ششها، ریه ها	اصطلاح
airborne collision warning system	سیستم هشدار برخورد هوایی	اصطلاح
airborne detector	آشکارساز هوایی	اصطلاح
air-compressor unloader	تخلیه کننده کمپرسور هوا	اصطلاح
air-compressor valve	دریچه شیر کمپرسور هوا	اصطلاح
airhead	احمق، نادان	اصطلاح
airheaded	احمقانه، بی فکر	اصطلاح
airish	سرد در مورد آب و هوا	اصطلاح
air-kiss	غنچه کردن لبها برای بوسه بدون تماس، بوسه تقدیم کردن	اصطلاح
airy-fairy	غیر واقعی، غیر عملی	اصطلاح
alchy	الکل، الکلی، مشروب	اصطلاح
all bark and no bite	تهدید به انجام کاری ولی قادر به انجام کاری نبودن	اصطلاح
all greek	مشکل بودن درک یک مطلب انگار که به زبان دیگریست	اصطلاح
all in	مصرف شده، خیلی خسته	اصطلاح
all in all	رویهم رفته، جمعا	اصطلاح
all in the same boat	وجود مشکل مشترک و لزوم کار گروهی	اصطلاح
all over someone like a cheap suit	اغوا کننده، گمراه کننده	اصطلاح
all over something	خیلی علاقمند یا مشتاق به چیزی بودن	اصطلاح
all roads lead to rome	تمام راه‌ها به رم ختم میشوند	اصطلاح
all shook up	عصبی، برانگیخته، دستپاچه	اصطلاح
all that and then some	هر چیزی را به یاد آوردن	اصطلاح
all that glitter is not gold	هر گردی گردو نیست	اصطلاح
all that glitters is not gold	تمام آن درخشنده ها، طلا نیستند، چیزی که بنظر قیمتی میآید ممکن است بی ارزش باشد	اصطلاح
all that jazz	تمام چیزهای مرتبط، دیگر عناوین مشابه	اصطلاح
all that meat and no potatoes	آدم خیلی چاق	اصطلاح
all the way live	مهیج، عالی	اصطلاح
all the world loves a lover	همه جهان، عاشق یک عاشق است	اصطلاح
all thumbs	کسی که خیلی خراب کاری میکند	اصطلاح
alley apple	کود اسب	اصطلاح
all-nighter	چیزی که برای تمام مدت شب طول بکشد	اصطلاح
allude to	مورد تحقیر بودن	اصطلاح
almighty dollar	پولی که بعنوان قدرت یا حرص دیده شود	اصطلاح
aloof	غیر دوستانه، سرد و غیر صمیمی	اصطلاح
alot	خیلی زیاد	اصطلاح
alpha charlie	سخت سرزنش کردن	اصطلاح
alphabet soup	چیزی از مخلوط درهم و برهم، غذا را مثل آش کردن، کلمه ای از حرف اول کلمات دیگر ساخته میشود	اصطلاح
ambulance chaser	وکیل یا نماینده وکیل که قربانیان حادثه راتهییج به شکایت میکند	اصطلاح
ameche	تلفن	اصطلاح
amerindian	سرخ پوست آمریکایی	اصطلاح
amigo	دوست	اصطلاح
ammunition	دستمال دستشویی، مشروب	اصطلاح
amps	آمفتامین	اصطلاح
an about face	تغییر جهت و یا روش از یک جهت به جهت دیگر	اصطلاح
an apple a day keeps the doctor away	یک سیب در روز دکتر را از خانه دور نگه نمی‌دارد	اصطلاح
an arm and a leg	قیمت گزافی بابت چیزی پرداختن	اصطلاح
an axe to grind	بروز دادن عصبانیت با قصد قبلی	اصطلاح
an englishman's house is his castle	خانه یک مرد انگلیسی دژ اوست	اصطلاح
anal applause	باد شکم را آزاد کردن	اصطلاح
anchor-clanker	دریانورد، ملوان نظامی	اصطلاح
ancient history	تاریخ زمانهای قدیم، دانش عمومی	اصطلاح
and a half	کسی یا چیزی که زیادتر یا شدیدتر از حالت عادی باشد	اصطلاح
and change	بعلاوه چند سنت، بعلاوه چند صدم	اصطلاح
and how	خیلی زیاد، برای تاکید بر ایده نیز بکار میرود	اصطلاح
and stuff like that there	چیزهای مشابه دیگر را تپاندن	اصطلاح
and you	و شما، شما چطور	اصطلاح
angel	سرمایه گذار مجهول، معشوقه، تک تیرانداز	اصطلاح
angel hair	نوعی خمیر با رشته‌های طولانی، نوعی داروی مخدر	اصطلاح
ankle	زن یا دختر دلربا، پیاده رفتن، اخراج شدن از شغل	اصطلاح
ankle biter	در شوخی: بچه	اصطلاح
annihilated	خیلی مست، نشعه	اصطلاح
another peep out of you	برای بیان اعتراض معمولا در حالت منفی بکار میرود	اصطلاح
antiwrinkle	ضد چروک	اصطلاح
antizionism	ضد صهیونیزم	اصطلاح
antizionist	ضد صهیونیست	اصطلاح
ants in one's pants	ناشکیبایی کردن، بی تحمل بودن	اصطلاح
antsy	عصبی، بی قرار	اصطلاح
anythings goes	هر کی هر کیه، حساب و کتابی نیست	اصطلاح
anytime	به هیچ وجه، اهمیت ندارد، کاری نکردم	اصطلاح
a-ok	خوب، در بهترین شرایط	اصطلاح
ape	لوطی، اوباش قوی هیکل	اصطلاح
ape hangers	دسته فرمان بلند دوچرخه یا موتور سیکلت	اصطلاح
apeshit	تهییج شده، عجیب	اصطلاح
appearances are deceptive	ظواهر گمراه کننده اند	اصطلاح
apple of one's eyes	نور چشمی کسی بودن	اصطلاح
apple-polisher	چاپلوس	اصطلاح
applesauce	مزخرف، چرند، مزه سیب کمپوت	اصطلاح
arabic alphabet	الفبای عربی	اصطلاح
aramaic alphabet	الفبای ارامی	اصطلاح
arb	دلال ارز، کارگزار بورس	اصطلاح
arbitrageur	دلال ارز، کارگزار	اصطلاح
are we away	آیا ما باید بریم	اصطلاح
are you nosy parker	نخود هر آش	اصطلاح
argue into	اغوا کردن، تحریک کردن	اصطلاح
ark	ماشین قدیمی	اصطلاح
armpit	هر مکان نامطلوب، هر مکان ناخوشایند	اصطلاح
arm-twister	کسی که تشویقهای قوی بکار میبرد از نظر مالی	اصطلاح
arm-twisting	تشویق قوی، تحریک قوی	اصطلاح
around the bend	دیوانه	اصطلاح
around the block	کسی که تجربه کارها و یا شرایط متفاوتی را داشته	اصطلاح
around the clock	بیست و چهار ساعته، مثال، Grandfathe rwas so sick that he had to have nurses round the clock	اصطلاح
artsy	هنرنما، مغرور، متظاهر به هنر	اصطلاح
artsy-craftsy	هنرنما، متظاهر به هنر	اصطلاح
as blind as a bat	کاملا نابینا	اصطلاح
as close as stink on shit	محرم، صمیمی، محرم ساختن	اصطلاح
as cool as a cucumber	اصلا انگار نه انگار	اصطلاح
as cross as two sticks	مثل برج زهر مار	اصطلاح
as easy as abc	راحت مثل آب خوردن	اصطلاح
as fit as a fiddle	کاملا سالم و سرحال	اصطلاح
as high as a kite	به درجه بالایی از ترقی رسیدن	اصطلاح
as is	در حال حاضر موجود است، همین الان وجود دارد	اصطلاح
as it were	اگر اینطور بود پس	اصطلاح
as light as a feather	بسیار سبک	اصطلاح
as poor as a church mouse	خیلی فقیر، کم داشتن	اصطلاح
as sick as a dog	خیلی مریض و بیمار بودن	اصطلاح
as sick as a parrot	خیلی مریض و بیمار بودن	اصطلاح
as you sowso shall you reap	هرچه کنی به خود کنی، گر همه نیک و بد کنی	اصطلاح
asleep at the switch	هشیار نبودن، مراقب نبودن	اصطلاح
asphalt jungle	بخش مشخصی از شهر، سنگفرش شهر	اصطلاح
aspiration	جدا سازی بر اساس اختلاف دانسیته	اصطلاح
ass out	ورشکسته، ورشکست، بی پول	اصطلاح
ass over tit	غلتان حرکت کردن	اصطلاح
asshole	مقعد، احمق، ابله	اصطلاح
ass-kissing	تملق گویی کردن، چاپلوسی کردن	اصطلاح
ass-licker	چاپلوس	اصطلاح
at a snail s pace	خیلی آرام	اصطلاح
at loose ends	عصبی و بیمناک	اصطلاح
at six and sevens	سر در گم، هاج و واج، حیران و سرگردان، مثال، henry was all at six and sevens since he lost his job	اصطلاح
at the drop of a hat	انجام کار بسادگی و سرعت بدون فکرکردن	اصطلاح
at wit's end	از عهده یک مشکل برنیامدن	اصطلاح
ate up with someone or something	قریفتن، تحلیل رفتن	اصطلاح
atomylys	تماس گاز به گاز	اصطلاح
attic	فهم	اصطلاح
attitude-adjuster	باتوم، چماق	اصطلاح
aunt flo	دوره قاعدگی	اصطلاح
avenue tank	اتوبوس	اصطلاح
avs	شانس، احتمال	اصطلاح
aw shucks	قسم خوردن، قسم سست	اصطلاح
awesome	عالی، خارق العاده	اصطلاح
aztec two-step	اسهال	اصطلاح
b. and b.	مخفف breast and buttock	اصطلاح
ba	لیسانسیه، نشانه عنصر باریم، کون لخت	اصطلاح
babe	زن خوشگل، برای گرامی داشتن زن یا مرد	اصطلاح
baboon	احمق، کند ذهن	اصطلاح
baby bear	شروع گشت پلیس بزرگراه، پلیس تازه کار	اصطلاح
baby boomer	جهش جمعیتی	اصطلاح
baby talk	صحبت کردن ناقص و تغییر یافته با کودکان	اصطلاح
babycakes	عزیزم، مامانی	اصطلاح
baby-kisser	سیستمدار، مرد سیاسی	اصطلاح
back room	مخفیانه، محرمانه	اصطلاح
back room boys	افراد پشت پرده	اصطلاح
back to square one	برگشت به مرحله اول	اصطلاح
back to the drawing board	روز از نو روزی از نو	اصطلاح
back to the salt mines	بازگشت به کار	اصطلاح
back up	در صف ایستادن، پشت سر هم ایستادن، کمک، پشتیبانی، حمایت، خلاف جهت رفتن، از خود بیخود شدن	اصطلاح
backblocks	مناطق مسکونی دوردست و پراکنده	اصطلاح
backbone	یکپارچگی، جرات	اصطلاح
backcountry	مناطق روستایی پراکنده، مناطق روستایی غیر متمدن دوردست	اصطلاح
backdoor trot	وضع اسهال	اصطلاح
backfire	آسیب رساندن، گوز دادن	اصطلاح
backhander	با پشت دست سیلی زدن، رشوه	اصطلاح
backland	مناطق روستایی پراکنده، مناطق روستایی غیر متمدن دوردست، زمین پشت ساحل	اصطلاح
backseat driver	عابر یا مسافری که برای راننده تعیین تکلیف کند، برای دیگران تعیین تکلیف کردن	اصطلاح
backside	باستن، پشت کسی	اصطلاح
backslapper	دوست صمیمی	اصطلاح
backslapping	تبریک صمیمانه، تمجید، بسیار صمیمانه	اصطلاح
backveld	منطقه دوردست مخصوصا قدیمی	اصطلاح
backward	معکوس	اصطلاح
bacon	مامور پلیس	اصطلاح
bad egg	شخص بد، مفت خور، شخص زننده	اصطلاح
bad habits are like a comfortable bed easy to get into but hard to get out of	عادتهای کهنه شبیه یک تختخواب راحت هستند، راحت برای وارد شدن، اما سخت برای خارج شدن	اصطلاح
bad hair day	روز بد	اصطلاح
bad news travels fast	خبرهای بد سریع سفر میکنند	اصطلاح
bad paper	امتحان بد، امتحانات بد	اصطلاح
bad rap	به اشتباه متهم شدن، انتقاد ناحق	اصطلاح
bad shit	حادثه بد، بد شانسی، داروهای قلابی	اصطلاح
bad things happen in everybody's life not just yours	چیزهای بد در زندگی هر کسی رخ میدهد، نه فقط در زندگی تو	اصطلاح
bad trip	با دارو عمل بدی انجام دادن، هر عمل یا شخص بدی	اصطلاح
badass	آشوبگر، سفت، خیلی خوب، بد، مرد خشن، گستاخ	اصطلاح
baddy	عمل یا شخص بد، شریر، مجرم	اصطلاح
bafflegab	بیان سراسیمه، بیان پر از اشتباه، زبان فنی متظاهرانه	اصطلاح
bag and baggage	با دنگ و فنگش، با متعلقاتش	اصطلاح
bag ass	عجله کردن	اصطلاح
bag of bones	پوست و استخوان	اصطلاح
bag of wind	سخنران پرگو، نطاق روده دراز	اصطلاح
bag on someone	از کسی انتقاد کردن	اصطلاح
bag some rays	آفتاب گرفتن، زیر آفتاب سوختن	اصطلاح
bagged	الکل، بازداشت، توقیف	اصطلاح
bagman	دلال دارو، قاچاقچی	اصطلاح
bahama-mama	زن سیاه چاق	اصطلاح
bail out on someone	پشت کسی راه افتادن، کسی را آزاد کردن	اصطلاح
bald-headed hermit	قضیب، الت رجولیت، آلت تناسلی مرد	اصطلاح
baldwin	مرد	اصطلاح
baldy	آدم طاس	اصطلاح
ball and chain	محدودیت، همسر، زن، دوست دختر، غل و زنجیر	اصطلاح
ball of fire	شخص جاه طلب، شخص فعال و زرنگ	اصطلاح
ball park estimate	تخمین، تقریب زدن، شکل تقریبی	اصطلاح
ball someone	کسی یا چیزی را آشفته کردن	اصطلاح
ball up	درهم برهم کردن، آشفته کردن	اصطلاح
ball-breaker	کار سخت، کارفرما سختگیر، زن وسوسه انگیز، زنی که بدلیل اصرار جنسی اعتماد همسرش را از بین میبرد	اصطلاح
ball-busting	بسیار کوشا، بسیار منفور، خیلی مشکل	اصطلاح
baller	ورزشکار	اصطلاح
balloons	پستان	اصطلاح
balls	جرات، فریاد از بی ایمانی	اصطلاح
ballsy	جسور، شجاع، بی پروا، پرخاشگر، مردانه	اصطلاح
balmed	مست، مشروب	اصطلاح
balmy	دیوانه، گیج، مست، تندی	اصطلاح
baltic	سرد، خیلی سرد	اصطلاح
bamma	روستایی، دهاتی	اصطلاح
banana	آمریکایی با اصالت آسیای شرقی	اصطلاح
banana oil	یاوه، مهمل، مزخرف، حرف پوچ، بیمعنی، خارج از منطق	اصطلاح
banana republic	بخش هایی از کشورهای آمریکای مرکزی که دایما در تنش سیاسی هستند، در تنش بودن	اصطلاح
banana-head	آدم احمق	اصطلاح
bandit territory	شهر هرت، هردمبیل	اصطلاح
bang	هیجان، درجه بالایی از الکل در مشروب، تزریق دارو، هر دوزی از دارو، تزریق کردن، جماع کردن، نزدیکی، مقاربت جنسی کردن	اصطلاح
bang for the buck	حساب کتاب داشتن، نسبت سود به هزینه	اصطلاح
bang in the arm	تزریق داروی مخدر	اصطلاح
banger	سوسیس، ماشین قدیمی، آتش بازی، سپر جلو، سرنگ زیر جلدی	اصطلاح
banging	خوب، مهیج	اصطلاح
bang-up	عالی، باعث آسیب شدید شدن، درجه یک	اصطلاح
banjax	خراب کردن، ویران کردن	اصطلاح
banker s hours	ساعتهای کاری کم	اصطلاح
bankroll	سرمایه تهیه کردن	اصطلاح
barbie doll	زن یا دختر زیبا اما کودن یا بی اخلاق	اصطلاح
bare-ass	کاملا لخت	اصطلاح
barf	معده کسی را خالی کردن، استفراغ کردن، اجرا نکردن دستور کامپیوتر	اصطلاح
barf city	شخص یا چیز نامطلوب	اصطلاح
barf out	این ترسناک است، چقدر ترسناک، چیز یا شخص ناخوشایند، آشفته شدن، عجیب بودن، بی اعتماد شدن	اصطلاح
barf someone out	کسی را کامل بیزار کردن	اصطلاح
barfly	ادم مست، میخواره، خمار	اصطلاح
bargaining chip	وسیله ای برای مذاکرات	اصطلاح
barking spider	منبع ناشناخته گاز روده گوز	اصطلاح
barking up the wrong tree	دنبال چیزی در جای اشتباه گشتن	اصطلاح
barney	دعوا، قضیب، الت رجولیت، الت تناسلی مرد، لانه، پنجره	اصطلاح
barnstorm	حرکات نمایشی با هواپیما	اصطلاح
barnyard	شبیه دوده، زشت	اصطلاح
barnyard language	زبان کثیف و زشت	اصطلاح
barracuda	درنده، غارتگر، ماهی دریایی بسیار درنده با بدن باریک و دندانها و آرواره‌های بزرگ	اصطلاح
barrel	زیاد نوشیدن، ادم مست، میخواره، سریع رفتن	اصطلاح
barrel ass	با بی احتیاطی یا به سرعت حرکت یا رانندگی کردن	اصطلاح
barrel fever	مستی، جنون الکلی	اصطلاح
barrel of fun	شوخی بیش از حد	اصطلاح
barreled up	مست	اصطلاح
base binge	نوعی کوکایین	اصطلاح
baseman	شخصی که به صورت تفننی مواد مصرف میکند	اصطلاح
bashing	نکوهش، بدنامی	اصطلاح
basket case	عصبی، شخصی که هر چهار دست و پایش قطع شده، شخص از کار افتاده	اصطلاح
basra belly	اسهال، نوعی اسهال	اصطلاح
bastard	شخص نفرت انگیز	اصطلاح
basted	آسیب دیده، مست	اصطلاح
batch	مجرد زندگی کردن	اصطلاح
bath party	بخش دولتی عربی که از تشکیل دولت سوسیالیست عربی حمایت کند	اصطلاح
bathtub scum	آدم حقیر	اصطلاح
bats	دیوانه، مست، مخمور، جنون الکلی	اصطلاح
batted	مست	اصطلاح
batted out	توقیف‌، بازداشت‌، جلوگیری‌	اصطلاح
battle-ax	زن جنگجو	اصطلاح
battleships	پاهای بزرگ، کفشهای بزرگ	اصطلاح
bay window	شکم گنده	اصطلاح
bazillion	نا محدود، بیکران، بی حد، بی اندازه، بزرگ، عظیم	اصطلاح
bazoo	دهان، مقعد، شکم	اصطلاح
bazoom	پستان زن، سینه	اصطلاح
bb brain	احمق، مغز فندقی	اصطلاح
b-ball	بسکتبال	اصطلاح
bbl	مخفف be back later	اصطلاح
be all things to all men	رنگ عوض کردن	اصطلاح
be friends with	رفیق بودن، رابطه دوستانه داشتن	اصطلاح
be my guest	لطفا جلوی من باش، لطفا در خانه ام راحت باش	اصطلاح
be off	بسرعت ترک کردن، برو پی کارت، عازم شدن	اصطلاح
be oneself	طبیعی بودن، عادی بودن	اصطلاح
be party to something	شریک جرم	اصطلاح
beach bum	مردی که به ساحل رفت و آمد زیادی دارد	اصطلاح
beach bunny	زنی که به ساحل رفت و آمد زیادی دارد	اصطلاح
beak	پچ پچ کردن، سخن چینی کردن	اصطلاح
be-all and end-all	عامل محرک بودن، مجموع مقادیر، بنیان، همه، کل	اصطلاح
beam up	مردن، درگذشتن، فوت کردن	اصطلاح
beamer	کاربر کامپیوتر‌های IBM	اصطلاح
bean	سر	اصطلاح
bean head	ساده لوح، معتاد	اصطلاح
bean-counter	حسابدار، آمارگر	اصطلاح
beanery	رستوران ارزان	اصطلاح
beanpole	شخص لاغر وقد بلند، پوست واستخوان، میله نگهدارنده درخت مو	اصطلاح
beans	هیچ، مزخرف، حرف پوچ، بیمعنی، معاملات سلف سویا، پول	اصطلاح
bear cage	پاسگاه، جایگاه پلیس	اصطلاح
bear claw	شیرینی که به شکل پای خرس برش خورده	اصطلاح
bear down	محکم بودن، تحمل کردن، پیروزی یافتن	اصطلاح
bear down on	نیرو دادن به، سنگین بار کردن	اصطلاح
bear fruit	به ثمر نشستن محصولات کشاورزی	اصطلاح
bear hug	به آغوش کشیدن سفت و خشن	اصطلاح
bear in mind	هشدار دادن، به خاطر آوردن	اصطلاح
bear in the air	مامور پلیس در هواپیما یا بالگرد	اصطلاح
bear market	بازاری که اوراق بهادار و اجناس آن به شدت تنزل کند	اصطلاح
bear mountain	کوهی در هودسن آمریکا	اصطلاح
bear trap	تله خرس	اصطلاح
bear up	نگهداری کردن، احضار شدن	اصطلاح
bear with	صبور بودن، بخشنده بودن	اصطلاح
beast	زشت، مشروب	اصطلاح
beasty	ناخوشایند، نامطلوب	اصطلاح
beat a retreat	با عجله ترک کردن	اصطلاح
beat about the bush	حاشیه رفتن، طفره رفتن، مثال، stop beating about the bush. Anwer my question Frankly	اصطلاح
beat around the bush	غیر مستقیم صحبت کردن، منظور را نرساندن در صحبت کردن	اصطلاح
beat down	پیروز شدن بر	اصطلاح
beat it	برو بیرون، راهی شدن، به سرعت دور شدن، عجله کردن	اصطلاح
beat off	دفع کردن، رد کردن، جلوگیری کردن از، جلق زدن، هدر دادن، از بین بردن	اصطلاح
beat one s gums	وقت هدر دادن	اصطلاح
beat one s meat	جلق زدن	اصطلاح
beat one's brains out	فکر کردن، به مغز فشار آوردن	اصطلاح
beat someone	سبقت گرفتن از	اصطلاح
beat someone s brains out	غالب شدن بر، به سرعت جلو بردن	اصطلاح
beat something out	نواختن پیانو	اصطلاح
beat the bushes	جستجوی دقیق و کامل کردن	اصطلاح
beat the drum	به شدت تبلیغ کردن	اصطلاح
beat the drum for someone	توسعه دادن، پشتیبانی کردن از	اصطلاح
beat the pants off	مقتدرانه شکست دادن، برتری جستن	اصطلاح
beat the rap	از زیر بار فرار کردن، تبریه کردن	اصطلاح
beat the shit out of someone	غالب شدن بر، خفه کردن	اصطلاح
beat up	کهنه، مصرف شده	اصطلاح
beat up on	شکست دادن، ضربه زدن به، با گفتار و فیزیکی به کسی حمله کردن	اصطلاح
beater	ماشین قدیمی بی ارزش	اصطلاح
beating a dead horse	فشار آوردن برای انجام کاری که پیش از این تمام شده	اصطلاح
beating around the bush	غیرمستقیم در مورد مطلبی صحبت کردن، به در میگیم که دیوار بشنود	اصطلاح
beatles	گروه موسیقی انگلیسی	اصطلاح
beats me	برای من شناخته شده نیست، نمی‌شناسم، نظری ندارم	اصطلاح
beauhunk	مرد زیبا، مرد خوشگل	اصطلاح
beaut	کس یا چیز عالی و زیبا	اصطلاح
beauty and folly are often companion	زیبایی و حماقت اغلب همنشین هستند	اصطلاح
beauty and folly are often sisters	زیبایی و حماقت اغلب خواهرانند	اصطلاح
beauty is but skin deep	زیبایی به ضخامت پوست است	اصطلاح
beauty is in the eye of the beholder	زیبایی در چشم ناظر است	اصطلاح
beauty is only skin-deep	زیبایی فقط ظاهری است	اصطلاح
beauty sleep	رویای زیبا	اصطلاح
beaver	اندامهای تناسلی زن	اصطلاح
bed shop	تختخواب یا تخت فروشی	اصطلاح
bed-and-breakfast	فراهم کردن جای خواب و صبحانه در مهمانخانه یا هتل	اصطلاح
bed-bunny	زنا کردن، زنی که از مقاربت لذت بیحدی میبرد	اصطلاح
bedroom eyes	چشمهای فریبنده	اصطلاح
beecher	کسی که ناس میکند	اصطلاح
beef	مرد قوی هیکل، شکایت کیفری، باد ول دادن، خارج شدن باد شکم با صدای بلند، گوز، خرد شدن	اصطلاح
beef something up	حجیمتر کردن، بزرگتر کردن	اصطلاح
beefcake	نشان دادن هیکل مرد، مرد خوش قیافه عضلانی	اصطلاح
beef-hearts	گوزیدن	اصطلاح
beemer	ماشین یا موتورسیکلت ساخته BMW	اصطلاح
been around	با تجربه در روابط جنسی، جهان دیده	اصطلاح
been had	باردار بودن، مقاربت داشتن با، اقدام کردن	اصطلاح
beeper	سیگنال تلفن قابل انتقال، هدایتگر هواپیمای بدون سرنشین، پیجر	اصطلاح
beer and skittles	سرگرمی، تفریح، وقت خوشی	اصطلاح
beer belly	شکم گنده	اصطلاح
beer blast	عیاشی، شراب خواری، میگساری	اصطلاح
beer goggles	حالتی که در آن چشمها همه را به صورت جنس مخالف میبیند	اصطلاح
beerbong	یک فنجان مشروب	اصطلاح
beeswax	موسسه بازرگانی، کسب و کار، داد و ستد، حرفه	اصطلاح
beetle	اتومبیل ولکس واگن، میانبر زدن، نقشه کشیدن، به سرعت حرکت دادن، وسیله چوبی چکش کاری شده، دسته چوبی	اصطلاح
beetlebrain	آدم ابله، احمق	اصطلاح
beezer	بینی، عالی در مورد تاریخ مشخص کردن	اصطلاح
beg the question	ماست مالی کردن، طفره رفتن	اصطلاح
beg your pardon	ببخشید لطفا مزاحم نشوید	اصطلاح
beggars can never be bankrupt	گدایان هرگز نمیتوانند ورشکست باشند	اصطلاح
beggars can't be choosers	گدایان نمیتوانند انتخاب کننده باشند	اصطلاح
behind bars	زندانی	اصطلاح
behind the clouds is the sun still shining	پشت ابرها خورشید هنوز میدرخشد	اصطلاح
behind the eight ball	در وضعیت نامساعد، ورشکسته، عقبتر از برنامه	اصطلاح
beige	بیروح، خسته کننده	اصطلاح
be-in	انجمن چاقها	اصطلاح
bejewel	با گوهر آراستن، گوهرنشان کردن	اصطلاح
bejeweled	مزین به جواهر	اصطلاح
belch	آبجو	اصطلاح
belcher	ادم مست، میخواره	اصطلاح
believe you me	به من اعتماد کنید	اصطلاح
belly fiddle	گیتار	اصطلاح
belly flop	صدای چلپ چلپ آب در شکم، صدای چلپ چلپ درآمدن	اصطلاح
belly laff	خنده بلند از ته دل	اصطلاح
belly up	مست، تعطیل، غیرعملیاتی، ورشکسته	اصطلاح
belly up to something	تطبیق دادن، سازگار شدن با	اصطلاح
bellyful	بیش از اندازه	اصطلاح
belt the grape	زیاد نوشیدن ومست شدن	اصطلاح
belt up	آرام بودن	اصطلاح
belted	دارو یا الکل مست کننده	اصطلاح
bench warmer	بازیکن درجه دو	اصطلاح
bend one s elbow	مشروب خوردن	اصطلاح
bend over backwards	خود را به زحمت انداختن برای کمک به دیگری، بیش از حد تلاش کردن	اصطلاح
bend the law	خدعه کردن، دور زدن قانون	اصطلاح
bend your elbow	مشروب خوردن	اصطلاح
benies	مزایا	اصطلاح
benjamin	اسکناس صد دلاری	اصطلاح
bent	مست، خشمناک، برآشفته	اصطلاح
bent out of shape	آشفته، مضطرب، مست	اصطلاح
benzedrine	نشان تجاری آمفتامین	اصطلاح
berp	آروغ زدن	اصطلاح
berries	باده، می، شراب، بهترین، خوبترین	اصطلاح
best bud	بهترین دوست	اصطلاح
best buy	هرزه، بی بند و بار	اصطلاح
bet one s bottom dollar	مطمین بودن	اصطلاح
bet someone dollars to doughnuts	شرط بندی کردن به مقدار کم روی یک چیز با ارزش	اصطلاح
beter than a stick in the eye	کاچی بعض هیچی	اصطلاح
better an egg today than a hen tomorrow	امروز یک تخم مرغ، بهتر است از فردا یک مرغ	اصطلاح
better are small fish than an empty dish	بهتر است یک ماهی کوچک، از یک ظرف خالی	اصطلاح
better bend than break	خمیدن از شکستن بهتر است	اصطلاح
better die with honor than live in shame	مرگ با عزت به از زندگی با ذلت	اصطلاح
better go back than go wrong	برگشتن، از اشتباه رفتن بهتر است	اصطلاح
better half	زن یا شوهر	اصطلاح
better late than never	دیر از هرگز بهتر است	اصطلاح
better luck next time	شانس دیگری داشتن یا دادن	اصطلاح
better the devil you know than the devil you don't know	شیطانی که تو میشناسی بهتر است از شیطانی که تو نمیشناسی	اصطلاح
better to be alone than in bad company	تنهایی، از در جمع بد بودن، بهتر است	اصطلاح
better to light a candle than to curse the darkness	بهتر است شمعی روشن کنی تا اینکه تاریکی را دشنام دهی	اصطلاح
betty	دارو جعلی، زن یا دختر خوشگل	اصطلاح
between a rock and a hard place	از دو طرف تحت فشار قرار داشتن	اصطلاح
between the devil and the deep blue sea	در مخمصه افتادن، گرفتار شدن	اصطلاح
between you me and the bedpost	تنها بین من و تو	اصطلاح
beware of the wolf in sheep's clothing	از گرگ در لباس گوسفند برحذر باش	اصطلاح
beware the fury of a patient man	از خشم یک مرد صبور بر حذر باش	اصطلاح
bewottled	مست	اصطلاح
bezongas	پستان زن	اصطلاح
bfd	مخفف Big fucking deal	اصطلاح
bfe	مخفف butt، fucking Egypt	اصطلاح
bhang ganjah	صمغ ماری جوانا، ماری جوانا	اصطلاح
bi	خنثی، دو جنسی، عضله دوسر، دوسر بازویی‌	اصطلاح
biff	ضربه زدن، حمام، دستشویی	اصطلاح
big beat	موسیقی که با موسیقی وزین و ماندگار توصیف شود	اصطلاح
big board	بورس کالای نیویورک	اصطلاح
big brother	شخصیت دادن، حالت دیکتاتوری، برادر بزرگتر، پدری کردن، شخص یا سازمانی که دیگران را کنترل میکند	اصطلاح
big bucks	پول زیاد، قیمت بالا	اصطلاح
big c	سرطان، کوکایین	اصطلاح
big d	دالاس، تگزاس	اصطلاح
big deal	برای طعنه زدن بکار میرود، حادثه مهم، اتفاق بزرگ	اصطلاح
big drink	اقیانوس، اقیانوس اطلس	اصطلاح
big drink of water	شخص بلند قامت، شخص یا چیز مو دماغ	اصطلاح
big enchilada	شخص مهم، کارفرما، سرپرست، فرمانده، شخص برجسته	اصطلاح
big h	هرویین	اصطلاح
big house	ندامتگاه، بازداشتگاه، زندان، زندان فدرال یا ایالتی	اصطلاح
big iron	کامپیوتر خیلی بزرگ	اصطلاح
big john	پلیس، مامور پلیس	اصطلاح
big juice	کلاهبردار حرفه ای	اصطلاح
big kahuna	شخص مهم، کارفرما، سرپرست، فرمانده، شخص برجسته	اصطلاح
big league	حرفه ای، عالیترین حد	اصطلاح
big man on campus	دانشجو برجسته	اصطلاح
big mouth	دهان گشاد، لاف زن، شایعه پراکنی کردن	اصطلاح
big name	شخص مهم یا مشهور، مشهور	اصطلاح
big noise	شخص مهم، شخص برجسته، اخبار مهم روز، شایعات روز	اصطلاح
big o	تریاک، افیون	اصطلاح
big of someone	شخص بزرگوار	اصطلاح
big shot	مغرور، بزرگ	اصطلاح
big spender	ولخرج	اصطلاح
big stink	مساله بزرگ	اصطلاح
big talk	لاف زنی، مبالغه گویی، ریاست کردن	اصطلاح
big talk means little knowledge	حرفهای بزرگ به معنای دانایی اندک است	اصطلاح
big time	مفرط، برجسته، تبه کارانه	اصطلاح
big wheel	شخص برجسته، آدم کله گنده	اصطلاح
big with someone	مقدم بودن بر کسی	اصطلاح
big z s	خواب	اصطلاح
bigass	شخصی که باستن بزرگی دارد، مربوط به باستن، مربوط به شخص مغرور	اصطلاح
big-ass	بزرگ	اصطلاح
biggie	آمیزش، جفتگیری، جماع	اصطلاح
biggity	مغرور، گستاخ	اصطلاح
bighead	سردرد و اثرات ناشی از نوشیدن	اصطلاح
big-time operator	تاجر، کسی که زنان را تعقیب میکند	اصطلاح
big-time spender	ولخرج	اصطلاح
bike boys	پلیس، پاسبان	اصطلاح
bill and coo	بوسیدن و در آغوش گرفتن	اصطلاح
billie	اسکناس	اصطلاح
bimbo	زن یا دختر سبکسر، آدم مسخره	اصطلاح
bind off	بافندگی کنار گذاشتن	اصطلاح
bindle	بقچه، بسته دارو	اصطلاح
binge	تن آسایی، زیاد نوشیدن	اصطلاح
binged	افراط گری، مست	اصطلاح
bird watcher	دختر باز	اصطلاح
bird-dog	تحقیر کردن، نظارت کردن	اصطلاح
birds of a feather flock together	کبوتر با کبوتر باز با باز	اصطلاح
birds of feather flock together	کبوتر با کبوتر باز با باز	اصطلاح
birdseed	مقدار کم پول، مزخرف، حرف پوچ	اصطلاح
birdturd	شخص منفور، ابله، مدفوع پرندگان، بی ارزش، پست	اصطلاح
birdy	غریبه، شوریده، جوجه	اصطلاح
biscuit	سر، رنگ قهوه ای روشن، لولا چوبی	اصطلاح
bit much	بیش از اندازه	اصطلاح
bitch	شکایت، مشکل، ضایع کردن، دوست دختر کسی	اصطلاح
bitch box	بلند گو	اصطلاح
bitch of a someone	شخص نا خوشایند	اصطلاح
bitch of a something	چیز ناخوشایند	اصطلاح
bitch out	شکایت کردن، غرولند کردن	اصطلاح
bitch session	نشستی برای بیان گله ها	اصطلاح
bitch slammer	زندان زنان	اصطلاح
bitch someone off	عصبانی کردن کسی	اصطلاح
bitch something up	ضایع کردن، از بین بردن، بد اداره کردن	اصطلاح
bitch tits	گسترش بافت سینه در زنان	اصطلاح
bitchin	عالی، فوق العاده	اصطلاح
bitchy	کینه توز، معاند	اصطلاح
bite off more than one can chew	بیش از حد متعهد شدن، بیش از توان مسیولیت پذیرفتن	اصطلاح
bite off more than you can chew	با یک دست دو هندوانه برداشتن	اصطلاح
bite on someone	کپی کردن از دیگری	اصطلاح
bite one's tongue	مانع شدن، زبان نگاهداشتن	اصطلاح
bite plate	کام	اصطلاح
bite size	اندازه گاز، خلاصه شده، کوچک شده	اصطلاح
bite the big one	مردن، ناخوشایند بودن	اصطلاح
bite the bullet	طاقت اوردن, تحمل کردن، مثال، i hate my parents job. i gotta bite thebullet for a while untill i find a new job	اصطلاح
bite the dust	مردن، به قتل رسیدن، حقارت کشیدن، شکست خوردن	اصطلاح
bite the hand that feeds one	عمدا آسیب رساندن	اصطلاح
bite the ice	برو گم شو، بمیر	اصطلاح
bite your tongue	حرفی به زبان نیاور، زبانت را گاز بگیر	اصطلاح
biter	دزد	اصطلاح
biters	دندانها	اصطلاح
biting louse	شپش پرندگان	اصطلاح
biz	وسیله ای برای تزریق دارو	اصطلاح
black and white	پلیس، ماشین پلیس	اصطلاح
black bear	خرس سیاه آمریکایی	اصطلاح
black eye	بدنامی، سیاه شدن دور چشم	اصطلاح
blade	مرد بذله گو، مرد همجنس باز	اصطلاح
blah	خسته کننده، افسرده، ملال آور	اصطلاح
blah-blah	یاوه گویی	اصطلاح
blanco	سفید پوست	اصطلاح
blanket drill	خواب	اصطلاح
blankety-blank	جهنمی، دوزخی، حسن تعبیر کلمات زشت	اصطلاح
blast	تپش، لرزه، میهمانی، زخمی کردن، انتقاد شفاهی کردن، انتقاد شفاهی، تزریق	اصطلاح
blazing	کاملا خوب، خوشگل، آتشین	اصطلاح
bleed for someone	همدردی کردن با	اصطلاح
bleed like a stuck pig	خون زیادی جاری شدن	اصطلاح
bleed someone dry	خشکاندن، چاپیدن، اخاذی کردن	اصطلاح
blimp	اسمی برای افراد چاق	اصطلاح
blimp out	پرخوری کردن	اصطلاح
blimped	چاق شده ورم کرده بخاطر مشروب	اصطلاح
blind drunk	بیش از حد نوشیدن، خیلی مست	اصطلاح
blind munchies	هوس برای خوردن	اصطلاح
blindside	غافلگیر کردن	اصطلاح
blinkers	چشمها	اصطلاح
blinky	شکلی از کوکایین	اصطلاح
bliss ninny	گیج	اصطلاح
bliss out	راضی شدن، نشیه شدن	اصطلاح
blissed-out	نشیه	اصطلاح
blisterfoot	کسی که پیاده روی زیادی کند مثل پاسبان یا سرباز	اصطلاح
blithering idiot	دیوانه، شوریده	اصطلاح
blitzed out	مست	اصطلاح
blivit	رنجش آور	اصطلاح
blob	ساده لوح، نادان، خیلی چاق، بزدل	اصطلاح
block party	بخش بیرونی از شهر که وانمود به مقیم بودن یا همسایگی میکنند	اصطلاح
blockbuster	شخصیت داستان، هیجان انگیز و موفقیت آمیز	اصطلاح
blood and guts	تند خو، زننده	اصطلاح
blood is thicker than water	نسبت فامیلی مهمتر از بقیه مناسبات است	اصطلاح
blooey	نادرست، غلط، منحرف	اصطلاح
blot someone out	کشتن کسی	اصطلاح
blotter	دفتر ثبت پلیس، آدم مست، میخواره	اصطلاح
blotto	بیش از حد نوشیدن، تحلیل رفته، مست	اصطلاح
blow a fuse	عصبانی شدن	اصطلاح
blow a gasket	عصبانی شدن	اصطلاح
blow a hype	شدیدا تحت تاثیر واقع شدن	اصطلاح
blow away	رفع کردن، دور کردن، با تیراندازی کشتن، تحت تاثیر قرار دادن، شکست دادن	اصطلاح
blow beets	معده کسی را خالی کردن، قی کردن، استفراغ کردن	اصطلاح
blow chunks	قی کردن، استفراغ کردن، برگرداندن، بالا اوردن	اصطلاح
blow cold	بی علاقگی نشان دادن، سرد بودن	اصطلاح
blow hot and cold	به سرعت تغییر کردن	اصطلاح
blow in	وارد شدن، رسیدن	اصطلاح
blow jive	دود کردن، کشیدن	اصطلاح
blow job	لیس زدن بیضه ها	اصطلاح
blow off some steam	آرام شدن	اصطلاح
blow one s cookies	معده را خالی کردن، قی کردن، استفراغ کردن	اصطلاح
blow one s cool	عصبانی شدن، خنسردی از دست دادن	اصطلاح
blow one s cork	عصبانی شدن	اصطلاح
blow one s doughnuts	شکم را خالی کردن، قی کردن، استفراغ کردن، برگرداندن	اصطلاح
blow one s fuse	عصبانی شدن	اصطلاح
blow one s groceries	شکم را خالی کردن، قی کردن، استفراغ کردن، برگرداندن	اصطلاح
blow one s lid	عصبانی شدن	اصطلاح
blow one s lines	فراموش کردن خط، اشتباه گفتن خط	اصطلاح
blow one s lunch	معده را خالی کردن، قی کردن، استفراغ کردن، برگرداندن	اصطلاح
blow one s own horn	لاف زدن، بالیدن، فخرکردن	اصطلاح
blow one s stack	عصبانی شدن، دیوانه شدن	اصطلاح
blow one s top	عصبانی شدن	اصطلاح
blow one's cool	خونسردی را از دست دادن	اصطلاح
blow one's cover	هویت کسی را آشکار کردن	اصطلاح
blow one's mind	مستغرق دراندیشه شدن	اصطلاح
blow one's top	عصبانی شدن، دیوانه شدن	اصطلاح
blow smoke	حقیقت را پنهان کردن، چاخان کردن، دود کردن، دود کشیدن	اصطلاح
blow snot rockets	پرتاب کردن مخاط بینی	اصطلاح
blow someone away	کشتن، متحیرساختن، مبهوت کردن، سردرگم کردن	اصطلاح
blow someone off	نادیده گرفتن، فریب دادن، گول زدن، برهم زدن، قطع رابطه کردن	اصطلاح
blow someone out of the water	خراب کردن، نابود ساختن	اصطلاح
blow someone s cover	آشکار کردن، فاش کردن، معلوم کردن، خراب کردن، فنا کردن	اصطلاح
blow someone s doors off	شکست دادن، پیش افتادن از	اصطلاح
blow someone s mind	تحت تاثیر قرار دادن، تحت تاثیر قرار گرفتن، مست کردن، سرخوش کردن	اصطلاح
blow someone to something	رفتار کردن، مورد عمل قرار دادن	اصطلاح
blow something off	نادیده گرفتن، فریب دادن، گول زدن	اصطلاح
blow something wide open	افشا کردن	اصطلاح
blow the joint	با عجله بیرون رفتن، خارج شدن	اصطلاح
blow the lid off something	افشا کردن	اصطلاح
blow the whistle	سوت زدن، صدا زدن، فاش کردن	اصطلاح
blow them away	بد جوری شکست دادن	اصطلاح
blow town	با شتاب از شهر خارج شدن	اصطلاح
blow up	ویرانی، خرابی، تباهی	اصطلاح
blow you away	به راحتی شکست دادن	اصطلاح
blow you out of the water	مغلوب ساختن، تحقیر کردن، اهانت کردن به	اصطلاح
blow z s	خوابیدن، خواب رفتن، خفتن	اصطلاح
blowed away	مست	اصطلاح
blower	کوکایین، مصرف کننده کوکایین، سیگار، دستمال گردن	اصطلاح
blown	مست	اصطلاح
blown away	مرده، کشته شده، اندیشناک، دستپاچه	اصطلاح
blow-out	میهمانی	اصطلاح
blubber gut	آدم چاق	اصطلاح
blue and white	پلیس، ماشین پلیس	اصطلاح
blue around the gills	ناخوش، مریض، متهوع، مشروب	اصطلاح
blue blazes	دوزخ، جهنم، عالم اموات	اصطلاح
blue boys	پلیس	اصطلاح
blue coats	پلیس	اصطلاح
blue devils	کم روحیه، افسردگی، جنون الکلی، اسید باربیتوریک که بعنوان داروی مسکن و خواب آورتجویز میشود	اصطلاح
blue flu	اعتصاب به بهانه مریضی، سردرد	اصطلاح
blue funk	افسردگی	اصطلاح
blue in the face	سست کردن‌، ضعیف کردن‌، سست شدن‌، ضعیف شدن‌	اصطلاح
blue suit	مامور پلیس	اصطلاح
blue-eyed	بیگناه، بی تقصیر	اصطلاح
bluehair	پیرزن	اصطلاح
bm	تخلیه مدفوع، آدم منزجر کننده	اصطلاح
bmoc	دانشجو خودستا یا ممتاز دانشکده	اصطلاح
bo	شهرت بد، باجه بلیط فروشی	اصطلاح
bo juice	بوزدای زیر بغل	اصطلاح
boat anchor	کامپیوتر بلااستفاده، هر چیز سنگین و بیفایده	اصطلاح
bod	تنه، تن، بدن، لاشه، بدنه، جسد، شخص	اصطلاح
bodacious	متهور، شجاع، با شهامت	اصطلاح
body count	تعداد کشته ها، تعداد حاضرین، تعداد سربازان کشته شده دشمن، تعداد نفرات درگیر در یک فعالیت	اصطلاح
body shake	بازرسی بدنی	اصطلاح
boff	ضربه زدن، رابطه جنسی داشتن با، ضربه، مقاربت، خنده قلبی، شیرین کاری، معده کسی را خالی کردن، استفراغ کردن	اصطلاح
boffo	انعکاس موفقیت فیلم، بازی، موسیقی، عمیق و از ته دل، موفق، چشمگیر	اصطلاح
boffos	موفقیت بزرگ	اصطلاح
bogard	ترساندن، مرعوب کردن، منحصر کردن، امتیاز انحصاری سیگار را گرفتن، قصور ورزیدن، دور سرگرداندن، طفره زدن	اصطلاح
bogart	ترساندن، مرعوب کردن، منحصر کردن، امتیاز انحصاری سیگار را گرفتن، قصور ورزیدن، دور سرگرداندن، طفره زدن	اصطلاح
bogue	جعلی، قلابی، ساختگی	اصطلاح
bogus	نادرست، غلط، عالی، مهم، بزرگ	اصطلاح
bogus beef	شکایت نادرست	اصطلاح
boheme	تیپ زنانه	اصطلاح
bohunk	ساکن یا مهاجری از اروپای شرقی، خرف، بیانی برای عزیز کردن بچه یا دوست صمیمی	اصطلاح
boiling mad	خیلی خشمگین	اصطلاح
boink	اصابت کردن با پیچش صدا، جماع کردن، مقاربت جنسی کردن، صدای برگشتی، نزدیکی	اصطلاح
bokoo	بسیار، زیاد، خیلی‌، چندین‌، بسا، گروه‌، بسیاری‌	اصطلاح
boku	بسیار، زیاد، خیلی‌، چندین‌، بسا، گروه‌، بسیاری	اصطلاح
bold	بزرگ، عظیم، برجسته	اصطلاح
bologna	مزخرف، چرند، نوعی کالباس	اصطلاح
bolus	داروساز، دوزی از دارو که به صورت وریدی تزریق میشود	اصطلاح
bomb out	عمل نکردن، شکست خوردن	اصطلاح
bomb shell	اخبار مهم از قلم افتاده	اصطلاح
bombed out	ویران شده، مشروب، مخدر	اصطلاح
bone factory	بیمارستان، گورستان، قبرستان	اصطلاح
bone idle	بینهایت تنبل، بیفایده	اصطلاح
bone orchard	قبرستان، گورستان	اصطلاح
bone out	رهسپار شدن، عازم شدن، ترک کردن	اصطلاح
bones	اسمی برای پزشک کشتی، اسمی برای آدم لاغر اندام، پول	اصطلاح
boneyard	قبرستان ماشین، اوراق فروشی	اصطلاح
bong	وسیله دود کردن ماری جوانا، دود کردن، کشیدن، دود ماده مخدر	اصطلاح
bonk	حمله کردن، ضربه زدن	اصطلاح
bonkers	دیوانه وار	اصطلاح
bonzo	دیوانه، شوریده	اصطلاح
booay	منطقه روستایی دوردست	اصطلاح
boob	اشتباه خجالت آور، اشتباه خجالت آور کردن، پستان، آدم بی تربیت	اصطلاح
boob tube	لباس تنگ و کشی زنانه، تلویزیون	اصطلاح
boo-bird	شخصی که در مسابقه مرتبا هو میکند	اصطلاح
boody	کپل، آدم یا چیز منزجر کننده، فرج مادگی	اصطلاح
booger	مایه ترس و وحشت، خلط خشکیده	اصطلاح
boogie	یک نوع سرود با ضرب آهنگ تند، یک نوع رقص راک بیریک، رقصیدن، میهمانی با رقص تند، خلط خشکیده، ترک کردن، غده، مقاربت کردن	اصطلاح
boogie down	شتاب کردن، عجله کردن	اصطلاح
boogie-board	تخته موج سواری، تخته اسکی	اصطلاح
boogieman	شبح، روح	اصطلاح
book it	زیاد خواندن، خرخوانی کردن	اصطلاح
bookie	شرط بند، دلال شرط بندی	اصطلاح
books are no better than woods without being opened always	کتابها بهتر از چوبها نیستنند، اگر باز نشوند	اصطلاح
boom	به موسیقی گوش کردن	اصطلاح
boom box	رادیو	اصطلاح
boom sticks	چوب طبل، مفصل پایین پای مرغ پخته	اصطلاح
boomer	موج عظیم، کانگوروی نر بزرگ	اصطلاح
boondocks	منطقه حفاظت شده، مناطق روستایی دهاتیها	اصطلاح
boosiasm	پستان	اصطلاح
boost	دستبرد زدن، دزدیدن، تعریف کردن	اصطلاح
booster	دزد مغازه	اصطلاح
boot someone out	مرخص کردن، بیرون انداختن	اصطلاح
booty	کپل، آدم یا چیز منزجر کننده، فرج مادگی	اصطلاح
booty call	شهوت، دعوت به عمل شهوانی کردن	اصطلاح
booze artist	مست	اصطلاح
booze it up	بیش از حد نوشیدن	اصطلاح
booze-up	میگساری، زیاد نوشیدن	اصطلاح
boozy-woozy	مشروب	اصطلاح
bop	نوعی رقص، قرص دارو	اصطلاح
border on	نزدیک بودن به	اصطلاح
bore the pants off of someone	زیاد خسته کردن	اصطلاح
born with a silver spoon in one's mouth	توی خانواده پولدار به دنیا آمدن	اصطلاح
bosom buddy	دوستان صمیمی، دوستانی که با هم بزرگ شده اند	اصطلاح
bosom chums	شپش ها، افراد حقیر	اصطلاح
bosom friends	شپش ها، افراد حقیر	اصطلاح
boss dick	پلیس، پاسبان	اصطلاح
boss lady	کارفرما زن، رییسه	اصطلاح
boss man	کارفرما، رییس	اصطلاح
both sheets in the wind	مشروب	اصطلاح
bottle baby	الکلی، معتاد بنوشیدن الکل	اصطلاح
bottleache	جنون الکلی	اصطلاح
bottom dollar	آخرین پول کسی	اصطلاح
bottom fishing	جستجوی پایین‌ترین قیمت	اصطلاح
bottom line	مجموع مقادیر، مجموع سطوح تراز، فاکتور اصلی و بنیادی، برآیند، منتج	اصطلاح
bottom of the barrel	وضعیت پایین افراد یا اشیا	اصطلاح
bottom of the heap	وضعیت پایین افراد یا اشیا	اصطلاح
bottom out	به آخر خط رسیدن، پایین رفتن	اصطلاح
bottomless pit	آدم خیلی گرسنه، منبع بی پایان	اصطلاح
bottoms up	بسلامتی کسی نوشیدن	اصطلاح
bottom-up	روند رو به بالا، سلسله مراتبی	اصطلاح
bounce	برگشت خوردن، رهسپار شدن، عازم شدن، بیرون انداختن، نیرو، توانایی	اصطلاح
bounce back	دوباره بدست اوردن، بازیافتن، بازپس فرستادن	اصطلاح
bouquet of assholes	رنجش آور، منزجر کننده	اصطلاح
bow to the porcelain altar	معده را خالی کردن، قی کردن، استفراغ کردن	اصطلاح
bowser	تانکر سوخت، تانکر آب، پمپ بنزین، آدمی با صورت زشت	اصطلاح
bow-wow	سگ، زن کریه	اصطلاح
box someone in	محدود کردن، محصور کردن	اصطلاح
boxed	مرده	اصطلاح
boxed on the table	مرده داخل تابوت	اصطلاح
boxed up	مشروب، مخدر، زندانی	اصطلاح
boys in the back room	افراد پشت پرده	اصطلاح
bozo	احمق، دلقک، مسخره	اصطلاح
bra-burner	نامی برای زنان آزادیخواه	اصطلاح
brack-brain	نادان، احمق، ابله	اصطلاح
brain bucket	کلاه ایمنی	اصطلاح
brain-burned	کله خراب	اصطلاح
brain-dead	احمق	اصطلاح
brain-fried	کله خراب	اصطلاح
brain-teaser	مساله، چیستان، معما	اصطلاح
brain-twister	مساله، چیستان، معما	اصطلاح
brake pedal	پدال ترمز	اصطلاح
brass monkey	خیلی سرد، زمهریر برای هوا بکار می‌رود	اصطلاح
brassed off	خشمگین، تنفر، بیزاری	اصطلاح
brb	مخفف Be right back، همین جا باش	اصطلاح
bread and circuses	مسکنی برای رفع نارضایتی، میهمانی یا گردهمایی سیاسی برای دلخوشی طرفداران	اصطلاح
bread is the staff of life	نان مایه حیات است	اصطلاح
break a leg	خوش بختی	اصطلاح
break bread	با هم ناهار خوردن، با هم شام خوردن، جشن گرفتن	اصطلاح
break down	ازکار افتادن چیزی و یا غمگین شدن	اصطلاح
break one s balls	سخت کار کردن	اصطلاح
break one s balls to do something	چاپلوسی کردن، خایمالی کردن، دستمال کشیدن	اصطلاح
break out	فرار کردن، خلاصی جستن	اصطلاح
break someone s balls	خراب کردن، فنا کردن، خسته کردن	اصطلاح
break the ice	از فشار خلاص شدن، مکالمه ابتدای مهمانی یا بین غریبه ها، اول بودن، دوست شدن	اصطلاح
break the tie	مشخص شدن برنده نهایی	اصطلاح
break up	قطع رابطه کردن	اصطلاح
breaker	کسی که یک کانال رادیویی محلی را جستجو میکند	اصطلاح
breakfast of champions	به جای صبحانه مشروب نوشیدن	اصطلاح
breast beating	با سر و صدا اعتراض کردن	اصطلاح
breastbone	استخوان جناغ، جناغ سینه	اصطلاح
breeze	کار راحت، اتفاقی رخ دادن	اصطلاح
brew	قهوه، چای، بطری	اصطلاح
brewed	مشروب	اصطلاح
brew-out	دم یا بخار آبجو	اصطلاح
brewski	آبجو	اصطلاح
brewsky	آبجو	اصطلاح
brewster	آدم مست، میخواره، بطری آبجو	اصطلاح
brickhouse	زنی با پستانهای بزرگ	اصطلاح
bright and breezy	سرحال و هشیار	اصطلاح
bright-eyed and bushy-tailed	هشیار و آماده	اصطلاح
brights	نور بالا، چشمها	اصطلاح
brim	کلاه	اصطلاح
bring around	به هوش آمدن، ترغیب کردن	اصطلاح
bring home the bacon	تدارک دیدن، دست یافتن، نایل شدن، تهیه کردن	اصطلاح
bring someone down	توان ازدست دادن، دلسردکردن، روحیه راباختن	اصطلاح
bring someone on	ترغیب کردن، تشویق کردن، برانگیختن، تحریک کردن	اصطلاح
bring something up	بالا آوردن، بالا بردن، بالا کشیدن	اصطلاح
bring to bear	اثر گذاشتن، تاثیر داشتن	اصطلاح
bring up	آمدن به توقفگاه، استفراغ کردن، معرفی کردن، آشنا کردن، ناگهان متوقف کردن، سرپرستی دادن	اصطلاح
bring-down	چیزی که باعث افسردگی شود، چیزی که باعث برگشتن یا برگرداندن شود	اصطلاح
bronx cheer	شیشکی کشیدن	اصطلاح
brown bear	خرس قهوه ای	اصطلاح
brown bottle flu	افسردگی، مریضی	اصطلاح
brown hole	مقعد، انگولک کردن، سقلمه زدن	اصطلاح
brown out	کم رنگ شدن، بی نور شدن، دوره تضعیف برق	اصطلاح
brown someone off	عصبانی شدن	اصطلاح
brown-bag	بغچه غذا، غذا بردن	اصطلاح
browned off	عصبانی، خشمگین، دلخور، خسته، مضطرب	اصطلاح
brownie	چاپلوس، متملق	اصطلاح
brownie points	جوایز خیالی، وعده و وعید	اصطلاح
brown-nose	چاپلوس، ریا کردن	اصطلاح
bruised	مشروب	اصطلاح
bruit about	اظهار داشتن، اظهار کردن، اعلان کردن	اصطلاح
brushoff	عزل، انفصال، اخراج، برکناری	اصطلاح
brutal	عالی، نیرومند، مقتدر	اصطلاح
bs	مزخرف، حرف پوچ، فریب دادن	اصطلاح
btw	مخفف by the way، اتفاقا، تصادفی، ضمنا	اصطلاح
bubblehead	دیوانه، نابخرد، نادان، احمق، گیج، میخواره	اصطلاح
buck	پوست آهو، پوست گوزن	اصطلاح
buck for something	جاه طلبی کردن	اصطلاح
buck naked	کاملابرهنه، لخت مادرزاد	اصطلاح
buckage	پول	اصطلاح
bucket	گل، حلقه بسکتبال، کپل، ماشین قدیمی	اصطلاح
bucket of bolts	ماشین قدیمی و فرسوده	اصطلاح
buckle down	مصمم متعهد شدن، به قصد بعهده گرفتن	اصطلاح
bucko	دوست، یار، شریک، همدست	اصطلاح
buckpasser	کسی که رد مسیولیت میکند، کسی که جوابگو نیست	اصطلاح
buddy up to someone	صمیمی شدن	اصطلاح
buddy up with someone	سهیم کردن، بخش کردن	اصطلاح
buddy-buddy	دوستانه، خیلی دوستانه	اصطلاح
budget squeeze	کم آوردن پول	اصطلاح
budhead	میخواره	اصطلاح
buffaloed	گیج شده، گیج، سر در گم، مغشوش	اصطلاح
buffed	عضلانی، قوی	اصطلاح
bug off	بیرون رفتن، دور شو	اصطلاح
bug out	شکم دادن، ناگهانی رفتن، بسرعت خارج شدن، عجله کردن، عقب نشینی کردن	اصطلاح
bug-fucker	خواجه، آدم ناچیز	اصطلاح
buggy	اتومبیل	اصطلاح
bugly	واقعا زشت، کریه	اصطلاح
buick	استفراغ کردن، قی کردن	اصطلاح
build on	گسترش دادن، بزرگ کردن، توسعه دادن	اصطلاح
built like a brick shithouse	بدن قوی داشتن، مربوط به زن زیبا و خوش اندام	اصطلاح
bull	حرف پوچ، دروغ گفتن، فریب دادن، پلیس	اصطلاح
bull bitch	زن قوی و هیکلی	اصطلاح
bull market	بازاری که اوراق بهادار و اجناس آن به شدت افزایش پیدا کند	اصطلاح
bulldiker	زن همجنس باز مخصوصا اگر میل تهاجمی یا مردانه داشته باشد	اصطلاح
bullet-stopper	تفنگدار دریایی آمریکا از جنگ خلیج فارس	اصطلاح
bull-pucky	کود گاو، مزخرف	اصطلاح
bullseye	مرکز هدف، یک نوع گل نعناع، صفحه یا دایره شیشه ای	اصطلاح
bullshit	یاوه، مهمل، مزخرف، حرف پوچ، یاوه گفتن، دروغ، فریب دادن، دروغ گفتن، دروغی، فریبنده	اصطلاح
bullshit artist	متقلب حرفه ای، استاد خالی بندی	اصطلاح
bum about someone or something	افسرده بودن	اصطلاح
bum around	ولگردی کردن	اصطلاح
bum beef	شکایت نادرست	اصطلاح
bum check	بازرسی ساختگی	اصطلاح
bum out	تجربه بد داشتن	اصطلاح
bum s rush	اخراج کردن، بیرون انداختن	اصطلاح
bum someone out	دلسرد کردن، سست کردن	اصطلاح
bum something off someone	استدعا کردن، درخواست کردن، قرض کردن، قرض گرفتن	اصطلاح
bum steer	اطلاعات نادرست، هدایت یا اتصال نادرست	اصطلاح
bum trip	آزمایش یک داروی بد	اصطلاح
bummed out	دلسردشده، افسرده	اصطلاح
bummer	آزمایش یک داروی بد، ناپسند، نامطبوع، مایوس کننده	اصطلاح
bumming	غمگین، دلسرد	اصطلاح
bump	منع از پرواز کردن به صورت غیرعمدی	اصطلاح
bump into	روبرو شدن بطور اتفاقی	اصطلاح
bump someone off	کشتن، بقتل رساندن	اصطلاح
bump that	فراموش کن	اصطلاح
bum-rap	اتهام کذب که منجر به زندان شود، اتهام غیرمنصفانه، راجع به مریضی کسی صحبت کردن	اصطلاح
bun	یک آرایش مو زنانه که مو را در پشت سر می‌پیچانند	اصطلاح
bunch of fives	مشت، مشت زدن	اصطلاح
bunch-punch	مقاربت جنسی پشت سر هم یک زن با چند مرد، هتک حرمت گروهی از یک زن	اصطلاح
bunco	خدعه، فریب، فریب دادن، گول زدن	اصطلاح
bundle	مقدار زیادی پول	اصطلاح
bundle of joy	بچه، طفل، نوزاد	اصطلاح
bunghole	دهان	اصطلاح
bunkie	هم اطاق، هم خانه	اصطلاح
buns	کپل	اصطلاح
burb	حومه شهر، برون شهر	اصطلاح
burbed out	ظاهر متوسط، ظاهر حومه نشین	اصطلاح
burn artist	خبرچین، مخبر	اصطلاح
burn rubber	سریع رانندگی کردن	اصطلاح
burn someone down	تحقیر کردن، اهانت کردن به	اصطلاح
burn someone up	عصبانی شدن	اصطلاح
burned	مایوس، تحقیر	اصطلاح
burned out	خسته	اصطلاح
burning the candle at both ends	برای مدت زمان طولانی و بدون استراحت کار کردن	اصطلاح
burning the midnight oil	تا دیروقت بیدار ماندن و کار کردن	اصطلاح
burnout	خالی، تهی، سوزاندن، فروپاشی، اضمحلال	اصطلاح
burnt offering	قربانی، غذای سوخته	اصطلاح
burps	مشروب، آبجو	اصطلاح
bush	مویی که قبل از بلوغ میروید	اصطلاح
bush bitch	زن زشت	اصطلاح
bush patrol	گشتی مستتر	اصطلاح
bush pig	گراز آفریقایی	اصطلاح
bush telegraph	سخن چینی بسیار	اصطلاح
bushed	خسته، کناره گیری به سبب ناراحتی منزوی	اصطلاح
business before pleasure	کار، قبل از خوشی	اصطلاح
business end	قسمت یا بخش اصلی	اصطلاح
bust	خرابی، کم کردن درجه، مهمانی آشوبگرانه، حمله، یورش، حمله کردن، دستگیر کردن، بازداشت، توقیف، جلب کردن، پلیس	اصطلاح
bust a gut	تاثیر زیاد گذاشتن	اصطلاح
bust a move	ترک کردن، خارج شدن	اصطلاح
bust ass	عجله کردن	اصطلاح
bust my butt	سخت کار کردن	اصطلاح
bust on someone	حمله کردن	اصطلاح
bust one s ass	سخت کار کردن	اصطلاح
bust one s butt	سخت کار کردن	اصطلاح
bust one s nuts	سخت کار کردن	اصطلاح
bust out	فرار کردن، خلاصی جستن، گریختن، گریز، فرار، رهایی، خلاصی	اصطلاح
bust some suds	آبجو نوشیدن، شستن	اصطلاح
bust someone one	مشت زدن	اصطلاح
bust something wide open	افشا کردن	اصطلاح
busta	بی ارزش	اصطلاح
busted	بازداشت، توقیف، مشروب	اصطلاح
butter	خوب، خیلی خوب	اصطلاح
butter someone up	چاپلوس	اصطلاح
butt-wipe	بی ارزش، بی فایده	اصطلاح
buy the farm	مردن، کشته شدن	اصطلاح
buzz off	برو پی کارت، بزن به چاک	اصطلاح
by any means	come hell or high water	اصطلاح
by other's faults wise man correct his own	مرد باهوش بوسیله اشتباهات دیگران، اشتباهات خود رااصلاح میکند	اصطلاح
by the seat of one's pants	کم پولی، بی برنامه بودن	اصطلاح
by word of mouth	خبرهایی که از شخصی به شخص دیگر منتقل میشود	اصطلاح
by-talk	حرف مفت، شایعه، یاوه، پچ پچ کردن	اصطلاح
call it off	منتفی کردن	اصطلاح
call someone up	دعوت به خدمت کردن	اصطلاح
call the shots	تصمیم گرفتن	اصطلاح
calm down	آرام شدن، آرام ساختن	اصطلاح
can't cut the mustard	به اندازه کافی امتیاز نیاوردن برای شرکت در کاری	اصطلاح
can't have one's cake and eat it	هم خدا را می‌خواهد هم خرما را	اصطلاح
capillary theory	نظریه تیوری مویینگی	اصطلاح
capri pants	شلوار زنانه چسبناک که تا بالای زانو میرسد	اصطلاح
carry off	باعث مرگ کسی شدن، کشتن، موفق عمل کردن	اصطلاح
cast about	پیگیر شدن، طرح ریزی کردن، تدبیر کردن	اصطلاح
cast one's bread upon the waters	بدون چشمداشت کاری کردن	اصطلاح
catch somebody red-handed	کسی را در حین انجام عمل خلاف دیدن	اصطلاح
caught up	دیرتر موفق شدن، انجام کاری یا زودتر انجام دادن کار با دیگری، نزدیک شدن به	اصطلاح
cave bear	خرس بزرگ منقرض شده عهد قدیم که در اروپا بوده	اصطلاح
chalk talk	سخنی که روی تخته توضیح داده شده	اصطلاح
chance on	بطور تصادفی دیدن یا پیدا کردن	اصطلاح
changeabout	برعکس، عکس، معکوس	اصطلاح
charity begins at home	چراغی که به خانه رواست به مسجد حرام است	اصطلاح
cheap and easy to get	چیزی که ارزان و راحت بدست بیاید	اصطلاح
checkerboard	صفحه شطرنجی	اصطلاح
check-in desk	میز پذیرش	اصطلاح
cheesed off	مضطرب، دلخور، خشمگین	اصطلاح
chicken out	جا زدن، مثال، jane was going to go mountain with us , but she chickened out at the last minute	اصطلاح
chill out	آرام کردن، راحت کردن، آرام شدن، آرام ساختن	اصطلاح
clam	دلار	اصطلاح
class act	شخص باادب و محترم	اصطلاح
clear off	بیرون رفتن، جیم شدن، دور شو، راهی شدن	اصطلاح
close call	فرار بدون شانس، با خطر محصور شدن	اصطلاح
close shave	گریز و فرار محدود، نزدیک به مرگ بودن	اصطلاح
close the stable door after the horse has bolted	نوشدارو بعد از مرگ سهراب	اصطلاح
clunker	ناموفق	اصطلاح
co current	هم جهت	اصطلاح
cocktail party	مهمانی غیررسمی	اصطلاح
cold turkey	عوارض قطع مصرف موادمخدر بصورت ناگهانی	اصطلاح
come a cropper	شکست کامل	اصطلاح
come again	چی گفتی، تکرار کن، بیشتر بگو	اصطلاح
come clean	حقیقت را گفتن، اقرار همه چیز	اصطلاح
come from	ظاهر شدن، نشات گرفتن، ناشی شدن، برخاستن	اصطلاح
come hell or high water	حوادثی اتفاق می‌افتد و هیچ جیزی جلویش را نخواهد گرفت	اصطلاح
come hither	وسوسه ای با دعوت جنسی	اصطلاح
come in	تولید کردن، سود بخش شدن، اجازه دخول، وارد شدن، پاسخ دادن	اصطلاح
come in for	سوژه شدن	اصطلاح
come into one's own	بهترین استعداد شخص، کشف استعداد خود، کسب شناخت	اصطلاح
come of age	بالغ شدن	اصطلاح
come off it	چرند نگو	اصطلاح
come on	تشویق کردن، جذب داستان شدن، ارتقا درجه، نشان دادن تمایل جنسی	اصطلاح
come out	در منظر عمومی ظاهر شدن، به نتیجه رساندن	اصطلاح
come out with	حالتی رابه نمایش گذاشتن، گفتن	اصطلاح
come outer	شخصی که صرفنظر از چیزی که ساخته کند، شخصی که از اصلاحات سیاسی دفاع کند	اصطلاح
come to	بدست آوردن هوشیاری، با لنگر نگهداشتن	اصطلاح
come to grief	مواجهه با بدبختی	اصطلاح
come to grips with	پذیرفتن حقیقت	اصطلاح
come to oneself	بر خود مسلط شدن	اصطلاح
come up empty	بی نتیجه ماندن	اصطلاح
come up with	فکر کردن، ساختن	اصطلاح
come upon	تصادفی پیدا کردن	اصطلاح
come what may	هرچه بادا باد	اصطلاح
come with the territory	در وضع اجتناب ناپذیر بودن	اصطلاح
coning	جدایش مایع به سمت بالا	اصطلاح
continous	پیوسته	اصطلاح
convective	جابجایی	اصطلاح
cool it	متوقف کن، خوب بودن	اصطلاح
counter current	جریان متقابل	اصطلاح
country music	شکلی از موسیقی عامه پسند که از جنوب آمریکا نشات گرفته	اصطلاح
crackers	دیوانه وار	اصطلاح
crazy about	هیجان زیاد برای انجام کاری و یا عاشق شدن، تو ابرها سیر میکند	اصطلاح
critical moisture	رطوبت بحرانی	اصطلاح
cross current	جریان متقاطع	اصطلاح
cross your fingers	امیدوارید که یک خوش شانسی نصیب شما شود	اصطلاح
cry wolf	به دروغ تقاضای کمک کردن، چوپان دروغگو	اصطلاح
crying over spilt milk	یادآوری بدبیاری گذشته	اصطلاح
curiosity killed the cat	کنجکاوی گربه را کشت، کنجکاوی زیاد خطرناک است	اصطلاح
curvesome	دارای انحناء وقوسهای ظریف	اصطلاح
curvy	انحنا زیاد داشتن، خوش بر و رو	اصطلاح
cut and run	عقب نشینی سریع، سریع عقب نشینی کردن	اصطلاح
cut it out	متوقف کن، متوقف کردن	اصطلاح
dad-blamed	فحش پدر	اصطلاح
dammit	برای بیان عصبانیت یا ناکامی	اصطلاح
dead and buried	هفت کفن پوسانده	اصطلاح
dead even	a dead heat	اصطلاح
dead to rights	دلیل قطعی جرم	اصطلاح
defeat	بهتر شدن از، خرد کردن، موهای کوتاه داشتن	اصطلاح
departure gate	مدخل حرکت	اصطلاح
departure lounge	سالن استراحت پرواز	اصطلاح
departures board	تابلوی پرواز	اصطلاح
differentional vaporization	تبخیر دیفرانسیلی	اصطلاح
diffrence point	نقطه تفاضل	اصطلاح
diligence is the mother of good luck	پشتکار مادر خوش شانسی است	اصطلاح
dingbusted	فحش، لعنت	اصطلاح
dinner basket	شکم، معده	اصطلاح
dinnertime	وقت شام	اصطلاح
dirty dog	آدم غیر قابل اعتماد	اصطلاح
disco	نوعی موسیقی رقص	اصطلاح
dishrag	کهنه ظرف شویی	اصطلاح
ditch him	ازدست کسی فرار کردن	اصطلاح
do a runner	بسرعت‌تر ک کردن، فرار کردن، عجله کردن	اصطلاح
do away with	برانداختن، کشتن، در آخر قراردادن، بیرون انداختن، دور انداختن	اصطلاح
doddle	کار خیلی راحت	اصطلاح
dog days	روزهای سگی صفتی برای روزهای خیلی گرم تابستان	اصطلاح
dog tired	خیلی خسته، تحلیل رفته	اصطلاح
don t make waves	کاری نکن که مشکلی درست شود	اصطلاح
don't bite the hand that feeds you	دستی را که به تو غذا میدهد گاز نگیر	اصطلاح
don't burn your bridges	پلهای پشت سرت را خراب نکن	اصطلاح
don't count your chicken before they hatch	جوجههایت را نشمر قبل از اینکه از تخم بیرون بیایند، جوجه را آخر پاییز میشمرند	اصطلاح
don't count your chickens before they hatch	جوجه را آخر پاییز میشمرند	اصطلاح
don't count your chickens until they're hatched	جوجه رو آخر پاییز میشمرند	اصطلاح
don't look a gift horse in the mouth	دندان اسب پیشکشی را نمی‌شمارند	اصطلاح
don't put all your eggs in one basket	روی تمام چیزهایی که داری ریسک نکن	اصطلاح
don't put off for tomorrow what you can do today	آنچه را که میتوانی امروز انجام دهی به فردا نگذار	اصطلاح
don't put the cart before the horse	گاری را جلو اسب نبند	اصطلاح
double take	چشم چرانی کردن	اصطلاح
double talker	زبان مبهم	اصطلاح
down this life	تف به این زندگی	اصطلاح
down to the wire	برنده نهایی در آخرین لحظه مشخص میشود	اصطلاح
down-at-heel	در شرایط مندرس و مخروبه	اصطلاح
drag one's feet	فس فس کردن، اینپا و آن پا کردن، مثال، if you keep dragging your feet, you will miss the train	اصطلاح
drama queen	خاله زنک	اصطلاح
drastic times call for drastic measures	نیاز به تلاش بیشتری برای انجام یک کارداشتن	اصطلاح
drink driving	رانندگی با حالت مستی	اصطلاح
drink up	با خوشی نوشیدن	اصطلاح
drinking water	آب شیرین	اصطلاح
drop-dead	ناگهانی مردن، بیرون رفتن، برو گم شو، بسیار فریبنده، اشتباه بدی کردن، برخورد موثر، خفه شو	اصطلاح
drumsticks	چوب طبل، مفصل پایین پای مرغ پخته	اصطلاح
drunk tank	انبار توقیف مشروبات	اصطلاح
dry cleaner	خشکشویی، خشک کردن پارچه با حلالهای آلی غیر آبی	اصطلاح
dry spell	دوره ای که بدون موفقیت سپری شود	اصطلاح
dull	کم آب، روی لبه بردن	اصطلاح
each person is his own judge	هر کسی قاضی خودش است	اصطلاح
early bird catches worm	سحرخیز باش تا کامروا شوی	اصطلاح
earth wax	مومیا	اصطلاح
ease up	آرامتر کردن، فشار را کاستن، کند کردن	اصطلاح
east west home's best	شرق، غرب، خانه است بهترین	اصطلاح
easy peasy	خیلی آسان، مثل آب خوردن	اصطلاح
eat one's hat	اسم خود را عوض کردن، مثال، you are not studying hard enough. I'll eat my hat if you pass the test	اصطلاح
eat to live not live to eat	بخور تا زندگی کنی، زندگی نکن برای خوردن	اصطلاح
ebulliometry	غلیان سنجی	اصطلاح
empty sacks will never stand upright	گونی‌های خالی راست نخواهند ایستاد	اصطلاح
encircle	احاطه کردن، احاطه شدن، محاصره کردن، حلقه زدن	اصطلاح
entrainment	ماندگی	اصطلاح
even a clock that does not work is right twice a day	حتی ساعتی که کار نمیکند، روزی دو بار درست است	اصطلاح
even a worm will turn	اگر اوضاع را برکسی خیلی سخت بگیری حتی بی آزار‌ترین آدم هم که باشد طغیان می‌کند	اصطلاح
every cloud has a silver lining	پس از هر سختی آسانیست	اصطلاح
every land has its own law	هر سرزمینی قانون خودش را دارد	اصطلاح
everybody laughs in the same language	همه با یک زبان یکسان میخندند	اصطلاح
everything but the kitchen sink	تقریبا همه چیز فراهم است	اصطلاح
excess baggage	اضافه بار	اصطلاح
experience is the best teacher	تجربه بهترین معلم است	اصطلاح
experimentalize	تجربه کردن، آزمایش کردن	اصطلاح
experimentize	تجربه کردن، آزمایش کردن	اصطلاح
extract	استخراج شده	اصطلاح
failure teaches success	شکست پیروزی می‌آموزد	اصطلاح
fair and fair alike	چیزی که برای یک نفرمناسب است برای دیگران نیز مناسب است	اصطلاح
fall to pieces	قادر به پاسخ نبودن	اصطلاح
falling film	ریزش فیلم	اصطلاح
falling rate	ناحیه شدت نزولی	اصطلاح
fancy meeting around here	عجب، ما شما رو دیدیم	اصطلاح
fancy pants	خیلی زیبا و تمیز	اصطلاح
far be it from	نامناسب بودن، غیر ممکن بودن	اصطلاح
far gone	حالت بدتر، پشرفته در زمان، جلوتر از زمان، فرسوده	اصطلاح
fast talk	چرب زبانی	اصطلاح
fast talker	مذاکره کننده زرنگ	اصطلاح
fear of death is worse than death itself	ترس از مرگ، بدتر از خود مرگ است	اصطلاح
fed up	دلخور، خسته	اصطلاح
feed line	خط خوراک	اصطلاح
feeding	خوراک دهی	اصطلاح
ferret out	درجستجو بودن، پیگیر شدن، جستجو کردن	اصطلاح
finding your feet	احساس تسلط بیشتر در مورد کاری که انجام میدهی	اصطلاح
finish off	به ته رسیدن، کشتن، ضربه نهایی را زدن، باقیمانده را خوردن	اصطلاح
fire is a good servant but a bad master	آتش خدمتکار خوبی است اما ارباب بدی است	اصطلاح
fishy	مشکوک، مثال، when he saw the intrance door open, he found something fishy	اصطلاح
fit to be tied	خیلی عصبانی کردن	اصطلاح
fixed in your ways	وقتی که نمیخواهی روشت را عوض کنی	اصطلاح
flash in the pan	یک موفقیت ناگهانی که خیلی زود از بین برود	اصطلاح
flew the coop	مردن، دنیا را رها کردن	اصطلاح
flooding	طغیان	اصطلاح
focus on making things better not bigger	به ساختن چیزهای بهتر تمرکز کن، نه بزرگتر	اصطلاح
for all one is worth	نهایت توانایی کسی	اصطلاح
foreign born	خارجی از نظر تولد	اصطلاح
forgive and forget	ببخش و فراموش کن	اصطلاح
four flush	فریب دادن، فریب خوردن	اصطلاح
freak-out	بروز دادن بی اعتقادی، عجیب بودن	اصطلاح
free base	دود کوکایین، کوکایین دود کردن	اصطلاح
free-basing	مصرف تفننی مواد مخدر	اصطلاح
from a to z	از شیر مرغ تا جان آدمیزاد	اصطلاح
from day one	از نو، از روز اول	اصطلاح
from rags to riches	ازفقر به ثروت رسیدن	اصطلاح
froth	توده کف آلود	اصطلاح
full back	عقب نشینی	اصطلاح
full of	کنترل نداشتن، زیاد داشتن	اصطلاح
full steam ahead	خیلی قدرتمند بودن، متجاوز شدن با سرعت و انرژی زیاد از حد ممکن	اصطلاح
full throttle	پدال گاز را به کف رساندن	اصطلاح
gear lever	دنده، دسته دنده	اصطلاح
get a life	تغییر دادن زندگی، با هم بدست آوردن	اصطلاح
get along	برو پی کارت، برو بابا	اصطلاح
get away clean	از مجازات فرار کردن، مثال، the thief got away clean	اصطلاح
get carried away	احساساتی شدن, ذوق زده شدن، مثال، calm down, All. Dont get carried away. We have to sit down and talk sense	اصطلاح
get cracking	جدی و سریع عمل کردن	اصطلاح
get down	با حرارت رقصیدن، افسرده شدن، گرفتن، توصیف شدن، توجه کردن	اصطلاح
get going	شروع به حرکت کن	اصطلاح
get it all together	در کنترل و تسخیر کامل قوای ذهنی شخصی بودن	اصطلاح
get it off your chest	راجع به مشکلی صحبت کردن، شکایت کردن، معترض بودن	اصطلاح
get it together	مرتب شدن، موثر بودن، زندگی سالم داشتن، بهتر شدن، خوشحال و موفق شدن	اصطلاح
get lost	برو بیرون، راهی شدن، ترک کردن	اصطلاح
get mad	گرسنه یا بدخلق شدن	اصطلاح
get one s act together	مرتب شدن، بهتر درست شدن، برای شروع بهکار تا حد استادی	اصطلاح
get out of	جلوگیری کردن، مانع شدن	اصطلاح
get over it	بهبود پیدا کردن از نظراحساسی یا صدمه فیزیکی	اصطلاح
get rid of	آزاد بودن، خلاص شدن از	اصطلاح
get stuck in	با اراده شروع کردن	اصطلاح
get the jump on someone	رو دست کسی بلند شدن، پیش دستی کردن، مثال، no one has ever been able to get the jump in Margie in swimming	اصطلاح
get up and go	انرژی، سرزندگی	اصطلاح
get up on the wrong side of the bed	وقتی تمام یک روز برای شما بد میگذرد	اصطلاح
get worse	بدتر شدن	اصطلاح
gild the lily	احتیاج به تعریف ندارد	اصطلاح
give 110	بیش از حد خواسته شده کار کردن	اصطلاح
give him the slip	ازدست کسی فرار کردن	اصطلاح
give it all you ve got	وقتی تمام چیزی را که دارید برای یک فرصت طلایی بخطر می‌اندازید، تلاش زیاد	اصطلاح
give me 5	بزن قدش برای توافق	اصطلاح
give or take	کمی کمتر یا بیشتر	اصطلاح
give somebody the green light	موافقت کردن با پیشنهاد، اجازه دادن برای شروع کاری، چراغ سبز نشان دادن	اصطلاح
give someone the cold shoulder	کم محلی کردن، مثال، She gave me the cold shoulder when I asked her to the party	اصطلاح
glory be	برای بیان تعجب یا خوشی	اصطلاح
go after	طلبیدن، طلب کردن	اصطلاح
go all the way	مقاربت داشتن، توافق نهایی راکسب کردن	اصطلاح
go all the way sports	برنده شدن در مسابقات نهایی، کاپ یا جایزه بردن	اصطلاح
go all-out	وقتی تمام چیزی را که دارید برای یک فرصت طلایی بخطر می‌اندازید	اصطلاح
go ape	بینهایت هیجان زده شدن	اصطلاح
go at	نزاع کردن، متعهد شدن	اصطلاح
go away	بیرون رفتن، ترک کردن، راهی شدن، حرکت کردن، عقب کشیدن، بازماندن، کناره گیری کردن، با عجله ترک کردن	اصطلاح
go back on	خلاف رای، شکستن قول، رها کردن، تسلیم کردن، شکست خوردن	اصطلاح
go bananas	دیوانه، علاقه مند	اصطلاح
go begging	باقیمانده کم داشتن	اصطلاح
go bonkers	کنترل احساسات را از دست دادن، دیوانه شدن	اصطلاح
go down on	لاس زدن	اصطلاح
go easy	خسیس بودن	اصطلاح
go fly a kite	برو پی کارت، بزن به چاک، به پایان رساندن آزار و اذیت	اصطلاح
go for	معتقد بودن، پسند کردن	اصطلاح
go for broke	وقتی تمام چیزی را که دارید برای یک فرصت طلایی بخطر می‌اندازید	اصطلاح
go getting	شخص فعال	اصطلاح
go go	مشارکت در رقص، حمله تهاجمی، مرتبط با رشد تجاری	اصطلاح
go gold	فروش خوب داشتن	اصطلاح
go great guns	موفق شدن	اصطلاح
go hang	دخالت کردن	اصطلاح
go haywire	شکست، از کار افتاده	اصطلاح
go in	نزدیک شدن، شرکت کردن در مسابقه، شرط بندی در بازی پوکر	اصطلاح
go in for	پشتیبانی دادن به، نشان دادن یا داشتن علاقه، شرکت کردن	اصطلاح
go it	بی پروا بودن، عصبی بودن، رفتار عشقبازی	اصطلاح
go kart	یگان موتوری مسابقه	اصطلاح
go missing	گمشده، گمگشته	اصطلاح
go no go	تصمیم، رفتن یا نرفتن	اصطلاح
go one better	بهتر بودن، موفقیت سختر، کار بیشتر	اصطلاح
go out with	بیرون رفتن با، با دوست دختر یا پسر بودن	اصطلاح
go places	کامیاب شدن، نتیجه بخشیدن	اصطلاح
go public	افشا کردن	اصطلاح
go steady	تنها به بیرون رفتن	اصطلاح
go the distance	پایان یافتن مسابقه	اصطلاح
go the extra mile	بیش از حد مورد انتظار کار کردن	اصطلاح
go to bat for	حمایت کردن از، پشتیبانی کردن از	اصطلاح
go to bed with	مقاربت جنسی داشتن با	اصطلاح
go to one's head	باعث گیج شدن	اصطلاح
go to the mat	آماده کردن مبارز	اصطلاح
go to town	انجام کار سریع و کارامد، موفقیت برجسته، راجع به مشکلی صحبت کردن، شکایت کردن، معترض بودن	اصطلاح
go up	منفجر شدن ناگهانی	اصطلاح
go wild	عمل وحشیانه	اصطلاح
go with	مدت معین کردن، تطبیق کردن، مناسب بودن	اصطلاح
go with the flow	وفق دادن، پیروی کردن	اصطلاح
go without saying	بدیهی بودن	اصطلاح
god helps them that help themselves	خدا کسانی را کمک میکند که آنها خودشان را کمک کنند	اصطلاح
good egg	دوست قابل اعتماد، آدمی که بشود روی او حساب کرد	اصطلاح
good fences make good neighbors	حصارهای خوب، همسایگان خوب میسازند	اصطلاح
good grief	فریاد از تعجب یا وحشت	اصطلاح
goodness is better than beauty	مهربانی از زیبایی بهتر است	اصطلاح
gospel music	نوعی از موسیقی سیاهان آمریکایی که ازکلیسا نشات گرفته	اصطلاح
got mixed feeling	have mixed feeling	اصطلاح
granular	دانه ای	اصطلاح
gravity	نیروی جاذبه	اصطلاح
gravy jug	کاسه آبگوشت	اصطلاح
grease monkey	کنایه از مکانیک	اصطلاح
greasy spoon	رستوران خیلی ارزان رنگ و رو رفته	اصطلاح
great boast little toast	پز عالی جیب خالی	اصطلاح
great minds think alike	افکار بزرگ مشابه می‌اندیشند، آدمهای خوش فکر مثل هم فکر میکنند	اصطلاح
green around the gills	ناخوش، مریض، متهوع، مشروب	اصطلاح
gunboat diplomacy	دیپلماسی با کاربرد نیروی نظامی	اصطلاح
gunboats	گارد ساحلی	اصطلاح
hairbrain	غیر قابل پیش بینی، غیر عقلانی، دیوانه وار	اصطلاح
hairstyle	آرایش مو، مدل مو	اصطلاح
hale and hearty	سرو مرو گنده، سالم و سر حال	اصطلاح
half and half	نصف نصف مساوی، پنجاه پنجاه	اصطلاح
hand luggage	دسته چمدان	اصطلاح
hands up	دعا کردن	اصطلاح
hang loose	آرام کردن، راحت کردن	اصطلاح
hangover	احساس مریضی و تهوع بعد از مستی، سردرد شدید بخاطر نوشیدن الکل زیاد، چیزی که از گذشته باقیمانده، اثرات ناپسند فیزیکی دارو یا الکل، شکست بعد از افراط	اصطلاح
happen on	برخوردن به بطور اتفاقی	اصطلاح
happy talk	صحبت غیر رسمی در پخش اخبار، سخن خوش بینانه	اصطلاح
hard up	فقیر، کم پولی	اصطلاح
harem pants	شلوار زنانه	اصطلاح
hash house	رستورانی که غذاهای ارزان دارد	اصطلاح
haste makes waste	عجله باعث هرز رفتن است، وقتی کاری را با عجله انجام دهید نتیجه خوبی نخواهید گرفت	اصطلاح
hat trick	سه بار موفقیت پشت سر هم مثل فوتبالیستی که در یک بازی سه گل بزند	اصطلاح
have a bun in the oven	باردار بودن	اصطلاح
have a screw loose	بالاخانه را اجاره دادن، مخ معیوب داشتن	اصطلاح
have ants in one s pants	بیقرار بودن	اصطلاح
have coming	سزاوار بودن، استحقاق داشتن	اصطلاح
have egg on one's face	خیط شدن، سنگ روی یخ شدن	اصطلاح
have mixed feeling	بر سر دو راهی گیر کردن	اصطلاح
have no idea	نمیدانم	اصطلاح
have sex	مقاربت جنسی داشتن	اصطلاح
have someone's number	دست کسی را خواندن. از نیت کسی آگاه بودن، مثال، joe has been so friendly to me recently. but i have his number. He just needs my money	اصطلاح
have the patience of job	صبر ایوب داشتن	اصطلاح
haywire	نامنظم، غیرقابل پیش بینی، خارج از کنترل	اصطلاح
he informed him beforehand	بند را آب داد، قضیه را لو داد، مطلب را پیشاپیش گفت در حالی که نباید می‌گفت	اصطلاح
he is cooking with the gas	داره کارش رو درست انجام میده	اصطلاح
he is hot under the collar	او بسیار عصبانی است	اصطلاح
he is such a wet blanket	کسی که خسته کننده است و خوشیهای دیگران را به هم میزند	اصطلاح
he let the cat out the bag	بند را آب داد قضیه را لو داد، مطلب را پیشاپیش گفت در حالی که نباید می‌گفت	اصطلاح
he lost his head	برآشفتن زیاد که شخص کنترلی روی عمل خود ندارد	اصطلاح
he show me his true color	اون شخصیت واقعی خودش را به من نشان داد	اصطلاح
he that cannot obey cannot command	آنکسی که نمیتواند فرمان برد نمیتواند فرمان دهد	اصطلاح
he who is master of himself will soon be master of others	کسی که ارباب خودش است بزودی ارباب دیگران خواهد شد	اصطلاح
he who laughs last laughs best	کسی که آخر می‌خندد، بهتر میخندد	اصطلاح
he who rides a tiger is afraid to dismount	آن کسی که یک ببر را میراند، از پیاده شدن میترسد	اصطلاح
head over heels	هیجان زیاد برای انجام کاری و یا عاشق شدن، تو ابرها سیر میکند	اصطلاح
headrest	تکیه گاه سر	اصطلاح
hear over the grapevine	از این طرف و ان طرف شنیدن، از زبان این و ان شنیدن، مثال، i heard it over the grapevine	اصطلاح
here today gone tomorrow	خوشی ماندگار نیست	اصطلاح
hint at	مورد تحقیر بودن	اصطلاح
hip bone	لگن خاصره	اصطلاح
hippy	دارای باستن بزرگ	اصطلاح
hold all the aces	تمام مزیتها را داشتن	اصطلاح
hold up	مایع محبوس بین پرکنها	اصطلاح
hold your horses	عجله نکن، یواشتر	اصطلاح
hometown	زادگاه، شهری که در آن کسی متولد یا بزرگ شده باشد	اصطلاح
honesty is the best policy	صداقت بهترین روش است	اصطلاح
hop it	بیرون رفتن	اصطلاح
hope for the best and prepare for the worst	امیدوار باش برای بهترین و آماده شو برای بدترین	اصطلاح
hopping mad	خیلی خشمگین، تند مزاج	اصطلاح
hot air	لاف زدن	اصطلاح
hot pants	خیلی خیلی کوچک	اصطلاح
how about	چه میگویی، چی فکر میکنی، چه میخواهی، آیا موافقی	اصطلاح
how come	چرا، چطوری آنرا توضیح میدهی	اصطلاح
humid volume	حجم مرطوب	اصطلاح
i can't help it	چاره ای ندارم	اصطلاح
i did not go whole hog	نتوانستم سنگ تمام بگذارم	اصطلاح
i think you are building a castle in the air	من فکر میکنم شما دارید قصری در هوا می‌سازید	اصطلاح
i was not born yesterday	احمق نیستم که دروغ هات رو باور کنم	اصطلاح
icing on the cake	وقتی دو چیز خوب یکی پس از دیگری اتفاق بیافتد	اصطلاح
idle hands are the devil's tools	آدم بیکار خودش را دچار دردسر میکند	اصطلاح
if it's not one thing it's another	وقتی کارها یکی پس از دیگری بد پیش میرود	اصطلاح
if you are looking for a friend who has no faults you will have no friends	اگر شما دنبال دوستی می‌گردید که او هیچ عیبی ندارد، شما هیچ دوستی نخواهید داشت	اصطلاح
if you can't beat them join them	اگر نمی‌توانی آنها را شکست دهی بهشان ملحق شو	اصطلاح
if you can't stand the heat get out of the kitchen	اگر نمیتوانی گرما را تحمل کنی، از آشپزخانه برو بیرون	اصطلاح
if you do this you'll go out on a limb	اگر اینکار را بکنی خود را به خطر انداخته ای	اصطلاح
if you don't make mistakes you don't make anything	اگر اشتباه نکنی، هیچ کاری نمیکنی	اصطلاح
if you lie down with dogs you'll get up with fleas	اگر با سگها بخوابی با ککها بیدار خواهی شد	اصطلاح
if you run after two hares you'll catch neither	اگر شما دنبال دو خرگوش بدوید، هیچکدام را نخواهید گرفت	اصطلاح
ignorance of the law is no excuse for breaking it	بیخبری از قانون، هیچ دلیلی برای شکستن آن نیست	اصطلاح
i'm in a pickle	تو درد سر افتادن	اصطلاح
i'm kot very keen on spicy food	به مزاجم سازگار نیست	اصطلاح
i'm not telling the cock and bull story	قصه حسین کرد شبستری که تعریف نمی‌کنم	اصطلاح
imitation is the sincreset from of flattery	اشاره دارد به این که تقلید کردن از رفتار و گفتار کسی به عنوان الگوی رفتاری و گفتاری، صمیمانه‌ترین شیوه تحصین شخصی است که الگو واقع شده	اصطلاح
immigration officer	مامور مهاجرت	اصطلاح
in a pig's eyes	جان عمه ات	اصطلاح
in action	در کار، درگیر فعالیتی شدن	اصطلاح
in and out	وقتی تجربه کاملی از یک چیز دارید	اصطلاح
in effect	در اصل، اصولا، واقعا	اصطلاح
in over your head	وقتی شرایط بسیار سخت است	اصطلاح
in point of	نسبت به، در باره، راجع به، در خصوص، نظر باینکه، با توجه به اینکه	اصطلاح
in sick bay	خیلی مریض و بیمار بودن	اصطلاح
in the buff	برهنه، عریان، لخت	اصطلاح
in the clink	زندانی	اصطلاح
in the country of the blind the one-eyed man is king	در سرزمین کوران مرد یک چشم پادشاه است	اصطلاح
in the dark	وقتی چیزی را نمیدانستید	اصطلاح
in the doghouse	کسی که کار اشتباهی انجام داده و شرمسار است	اصطلاح
in the heat of the moment	درگیرکاری بودن وتحت تاثیرشرایط آن قرارداشتن	اصطلاح
in the matter of	نظر باینکه، با توجه به اینکه	اصطلاح
in the poorhouse	فقیر، پول کم داشتن	اصطلاح
in the same boat	همدرد بودن، مثال، I am broke, can you lend me a couple of bucks، sorry I am at the same boat	اصطلاح
in trouble	متهم، بازداشت شده، مجازات شده	اصطلاح
inform on	اطلاعات دادن	اصطلاح
initialism	مخففی از نام و نام خانوادگی	اصطلاح
inner-city	بخش شلوغ، فقیرتر و قدیمیتر شهر	اصطلاح
ins and outs	زیر و بم چیزی، جزییات کامل	اصطلاح
interfacial tension	کشش سطحی	اصطلاح
international phonetic alphabet	الفبای مصوت بین المللی	اصطلاح
it takes two to tango	همه کسانی که درگیرهستند مقصرند	اصطلاح
it's a small world	دنیای کوچکی است	اصطلاح
its anyone's call	قضاوت کردن درمورد نتیجه مسابقه مشکل است	اصطلاح
jam-full	لبریز، مملو، پر	اصطلاح
jam-pack	متراکم کردن، فشردن، بزور چپاندن	اصطلاح
jam-packed	شلوغ، تکمیل ظرفیت	اصطلاح
johnny-come-lately	کسیکه مدت طولانی کار ندارد، نو رسیده، تازه به دوران زسیده	اصطلاح
join you	رسیدن به، ملاقات کردن	اصطلاح
jump in	با سعی و جدیت شروع بکار کردن	اصطلاح
jump to it	عجله کن، بجنب	اصطلاح
junkyard	محل اسقاط آهن، اوراق فروشی	اصطلاح
junoesque	شکیل و قد بلند	اصطلاح
just about	تقریبا، بطور نزدیک	اصطلاح
just comjng up to	چند لحظه مانده به برای اعلام زمان توسط گویندگان رادیو، مثال، The time is just coming up to 9 o'clock = It will be 9 o'clock in a very few seconds	اصطلاح
keep a record	بایگانی	اصطلاح
keep a thing for seven years and you'll always find a use for it	چیزی را برای هفت سال نگه دار، همیشه استفاده ای برای آن پیدا خواهید کرد	اصطلاح
keep an eye on him	مراقب کسی بودن	اصطلاح
keep oneself to oneself	توی لاک خود بودن	اصطلاح
keep pace	تراز ماندن، سریعتر رفتن	اصطلاح
keep the wolf from the door	بخور و نمیر زندگی کردن	اصطلاح
keep your fingers crossed	cross your fingers	اصطلاح
keep your mouth shut and your ears open	دهانت را ببند و گوشت را باز کن	اصطلاح
kick around	نا خواسته دروغ گفتن، ولگردی کردن	اصطلاح
kick back	آسوده بودن، راحت کردن	اصطلاح
kick in  the pants	محرک، تشویق، مثال، All he needs is kick in the pants to get him going	اصطلاح
kick out	مرخص کردن، بیرون انداختن	اصطلاح
kick the bucket	مردن	اصطلاح
kick-ass	قوی، نیرومند، عالی	اصطلاح
kingdom come	جهان دیگر، بهشت	اصطلاح
knock it off	متوقف کن، متوقف کردن	اصطلاح
know which side one's bread is buttered	دانستن فایده دروغ گفتن، دانستن اینکه نان طرف کره است	اصطلاح
koala bear	کوآلا، تنبل جانور کیسه دار درختی	اصطلاح
kodiak bear	خرس قهوه ای بزرگ در جنوب آلاسکا	اصطلاح
labor of love	انجام کاری بخاطر عشق یا چون دوست دارید	اصطلاح
latin alphabet	الفبای لاتین	اصطلاح
laughter is the best medicine	خنده بهترین داروست، خنده بر هر درد بی درمان دواست	اصطلاح
lend me your ear	لطفا به من گوش بده	اصطلاح
lend your money and lose your friend	پولت را بده و دوستت را از دست بده	اصطلاح
let bygones be bygones	گذشته‌ها گذشته. بیا گذشته رو فراموش کن	اصطلاح
let it all hang out	راحت وآرام بودن، طبیعی بودن	اصطلاح
let off some steam	آرام شدن	اصطلاح
let sleeping dogs lie	بگذار مسایل گذشته فراموش شود و دوباره شروع نکن	اصطلاح
let the cat out of the bag	بند را آب دادن، چیزی را نا خواسته لو دادن، مثال، If you accidentally reveal a secret, you let the cat out of the bag	اصطلاح
life and death	سرنوشت ساز، مرگ و زندگی	اصطلاح
lightning never strikes the same place twice	صاعقه هرگز به یک جای یکسان دو بار اصابت نمیکند	اصطلاح
like crazy	خیلی زیاد، در بینهایت درجه، مثل دیوانه	اصطلاح
liquor	محلول غلیظ	اصطلاح
little by little you'll save money by not spending your money	قطره قطره جمع گردد وانگهی دریا شود	اصطلاح
little strokes fell great oaks	ضربات کوچک، بلوطهای بزرگ را می‌اندازد	اصطلاح
live in	جایی که هم زندگی می‌کنند و هم کار می‌کنند	اصطلاح
loading	انباشتگی	اصطلاح
look at	رسیدگی کردن، مواجه شدن	اصطلاح
lose him	ازدست کسی فرار کردن	اصطلاح
lose one s doughnuts	شکم را خالی کردن، قی کردن، استفراغ کردن، برگرداندن	اصطلاح
lose one s lunch	معده را خالی کردن، قی کردن، استفراغ کردن، برگرداندن	اصطلاح
lose your cool	کنترل احساسات را از دست دادن، خونسرد نبودن	اصطلاح
love is blind	عشق کور است	اصطلاح
love makes the world go round	عشق باعث میشود جهان گردش کند	اصطلاح
love sees no faults	عشق هیچ عیبی نمی‌بیند	اصطلاح
mad about	هیجان زیاد برای انجام کاری و یا عاشق شدن، تو ابرها سیر میکند	اصطلاح
mad as a hatter	مثل یک دیوانه	اصطلاح
make a move	ترک کردن، راهی شدن، راه افتادن	اصطلاح
make bold with something	make free with something	اصطلاح
make free with something	از کیسه خلیفه بخشیدن	اصطلاح
make love	بغل کردن و مقاربت داشتن	اصطلاح
make tracks	به سرعت ترک کردن، عجله داشتن، حرکت کردن	اصطلاح
make waves	کاری نکن که مشکلی درست شود	اصطلاح
meat and potaoes	مهمترین بخش هرچیزی	اصطلاح
meat and potatoes person	کسی که چیزهای ساده و واضح را به تخیلات و چیزهای مبهم ترجیح می‌دهد	اصطلاح
meathead	آدم احمق، ساده لوح	اصطلاح
melting pot	دیگ ذوب فلزات، اصطلاحا شهر کشور هفتاد و دو ملت	اصطلاح
men in blue	پلیس	اصطلاح
mess up	بد اداره کردن	اصطلاح
method to my madness	چیزی که بصورت یک عمل دیوانه وار ظاهرمیشود در حقیقت دلیل خوبی دارد	اصطلاح
might makes right	قدرت باعث تحمیل است	اصطلاح
mind bending	روان پریشی	اصطلاح
mind boggling	بیش از حد تصور کردن	اصطلاح
mind your own business	برو به کار خودت برس دخالت نکن	اصطلاح
miniskirt	دامن خیلی کوتاه که انتهای آن بالای زانوست	اصطلاح
miss a beat	از مسیر درست منحرف شدن	اصطلاح
mist eliminator	مه گیر	اصطلاح
mixed alphabet	الفبای ترکیبی	اصطلاح
mixed drink	مشروب الکلی که از دو یا چند جزء تهیه شود	اصطلاح
mixed settler	دستگاههای همزن دار	اصطلاح
mixing	اختلاط	اصطلاح
money doesn't grow on trees	پول راحت بدست نمی‌آید، پول علف خرس نیست	اصطلاح
money is the root of all evil	پول ریشه تمام شرارتهاست	اصطلاح
money talks	پول رو رو سنگ بذاری سنگ آب میشه! پول حلال مشکلاته! پول حرف اول را می‌زند، مثال، Don't worry. I have a way of getting things done. Money talks	اصطلاح
more catholic than the the pop	کاسه داغ‌تر از آش	اصطلاح
more haste less speed	عجله بیشتر، سرعت کمتر	اصطلاح
morning after  the night before	حالت تهوع بعد از مستی	اصطلاح
move it	سریعتر برو	اصطلاح
move up	تطبیق دادن، سازگار شدن	اصطلاح
mulple effects	چند مرحله ای	اصطلاح
mum's the word	صداشو در نیار، به کسی چیزی نگو	اصطلاح
munchies	غذای مختصر، درد گرسنگی	اصطلاح
mustard	بادقت، با احتیاط، مواظب	اصطلاح
mysery guts	آدم همیشه ناراحت و منفی باف	اصطلاح
narrow escape	فرار بدون شانس	اصطلاح
necessity is the mother of invention	نیاز، مادر اختراع است	اصطلاح
neither a borrower nor a lender be	نه قرض بده و نه قرض بگیر	اصطلاح
never bite the hand that feeds you	هرگز به کسی که به تو کمک میکند صدمه نزن	اصطلاح
never judge a book by it's cover	از روی ظاهر قضاوت نکن	اصطلاح
never judge from appearances	هرگز از روی ظاهر قضاوت نکن	اصطلاح
never say never	هرگز نگو هرگز	اصطلاح
nightie	لباس خواب	اصطلاح
nitty-gritty	مهمترین وجوه، اصول و قواعد	اصطلاح
no go	بی فایده، مخالف بودن	اصطلاح
no man can serve two masters	هیچ مردی نمیتواند دو ارباب را خدمت کند	اصطلاح
no news is good news	بی خبری، خبر خوبیست، بی خبری خوش خبریست	اصطلاح
no pain no gain	نه رنج، نه سود، نابرده رنج گنج میسر نمی‌شود	اصطلاح
no rose without a thorn	هیچ رزی، بدون یک خار نیست	اصطلاح
no smoke without fire	تا نباشد چیزکی مردم نگویند چیزها	اصطلاح
no way	ابدا، بهیچوجه، به هیچ عنوان	اصطلاح
noise about	دری وری گفتن یانوشتن، سخن چینی کردن، خبر کشی کردن، فضولی کردن، شایعه گفتن	اصطلاح
nose out of joint	ناراحت بودن بخاطر اتفاقی که افتاده	اصطلاح
not a bean	not have a bean	اصطلاح
not a chance	مطمینا اتفاق نخواهد افتاد	اصطلاح
not all there	عقب افتاده، عقب مانده، کند در یادگیری	اصطلاح
not bat and eye	عین خیالش نبود، ککش هم نمی‌گزید	اصطلاح
not have a bean	حتی یک شاهی هم نداشتن	اصطلاح
not have two pennies to rub together	آه ندارد که با ناله سودا کند، آس و پاس بودن	اصطلاح
not know any better	بیشتر از این از دستشان بر نمی‌اید	اصطلاح
not much cop	چنگی به دل نمی‌زند	اصطلاح
nothing venture nothing gain	برای رسیدن به چیزی که میخواهی باید ریسک کنی	اصطلاح
number plate	شماره پلاک	اصطلاح
odd behavior	رفتار عجیب و غریب	اصطلاح
off colour	ناخوش، مریض احوال، مثال، he looks off colour/color=he looks ill	اصطلاح
off limits	اجازه ورود نداشتن	اصطلاح
off on the wrong foot	بد شروع کردن کاری، قدم اشتباه برداشتن	اصطلاح
off the hook	از یک وضعیت دشوار خلاص شدن	اصطلاح
off your rocker	دیوانگی، بی عقلی	اصطلاح
old habits die hard	عادتهای کهنه سخت می‌میرند	اصطلاح
old hat	از مد افتاده، قدیمی، مثال، your coat is old hat	اصطلاح
on board	روی یا داخل کشتی، هواپیما یا وسایل نقلیه دیگر	اصطلاح
on pins and needles	عصبی بودن بخاطر چیزی که اتفاق خواهد افتاد	اصطلاح
on the fence	کسی که باید یک راه را انتخاب کند ولی هنوز تصمیم نگرفته	اصطلاح
on the go	مشغول بودن، استراحت نکردن، فعال بودن	اصطلاح
on the same page	وقتی افراد مختلف بدنبال راه حلهای یکسان هستند	اصطلاح
on the take	سرقت کردن، دزدی کردن، عیاری	اصطلاح
on the trot	پی در پی، پشت سرهم، مثال، I would saw him three days on the trot=I saw him on three consecutive days	اصطلاح
on top of the world	وقتی احساس بسیار خوبی دارید	اصطلاح
on your last leg	انتهای کار نزدیک است	اصطلاح
on your mind	چیزی که در ذهن شماست و هنوز به آن فکر میکنی	اصطلاح
once and for all	یکبار برای همیشه، نهایتا	اصطلاح
one falsehood spoils a thousand truths	یک دروغ هزار حقیقت را خراب میکند	اصطلاح
one for the road	آخرین کاری که پیش از ترک یک محل انجام میدهید	اصطلاح
one person's meat is another one's poison	همه چیز را همه کس دوست ندارند	اصطلاح
one picture is worth ten thousand words	یک تصویر ارزش هزار کلمه را دارد	اصطلاح
one swallow does not make a summer	یک پرستو نمیتواند تابستان بیاورد، با یک گل بهار نمیشود	اصطلاح
one thing leads to another	کار صحبت به درازا کشید	اصطلاح
one-party states	دولتهای تک حزبی	اصطلاح
one's number is up	اجل کسی رسیدن، مثال، garry is worried all the time. She thinks her number is up	اصطلاح
one's people	والدین، اقوام، کارگران، حامیان	اصطلاح
oops a daisy	اصطلاحی که برای نشان دادن تعجب بکار می‌رود	اصطلاح
open steam	بخار مستقیم	اصطلاح
opportunity never knocks twice at any man's door	فرصت، هرگز در هیچ مردی را دوبار نمیزند	اصطلاح
oprating line	خط عملیاتی	اصطلاح
out and about	این طرف و ان طرف	اصطلاح
out of the blue	غیر منتظره، بدون ضابطه، مثال، Mary appeared on my doorstep out of the blue	اصطلاح
out of the frying pan and into the fire	ازچاله درآمدن و به چاه افتادن	اصطلاح
out of the woods	بهبودی و یا نجات پس از یک حادثه خطرناک	اصطلاح
out of your element	وقتی در شرایط عادی و راحت نیستید	اصطلاح
out on a limb	خود را در شرایط ناگواری گرفتار کردن بخاطر دیگری	اصطلاح
out on the town	بیرون رفتن و ازگردش و تفریح لذت بردن	اصطلاح
outact	برتری داشتن بر، بهتربودن از، تفوق جستن بر	اصطلاح
outbargain	درمناقصه و مزایده بیشتر پیشنهاد دادن از، روی دست کسی رفتن	اصطلاح
outbluff	زیرکی کردن، زیرک بودن	اصطلاح
outbox	برنده شدن در بوکس، پوشه ای برای ذخیره پیامهای صادره	اصطلاح
outdrive	بهتر راندن، سریعتر راندن، موتور داخل قایق موتوری	اصطلاح
outleap	به جلو پریدن، حرکت سریع، بیشتر پریدن	اصطلاح
outperform	بهتر انجام دادن، مفیدتر بودن	اصطلاح
outsail	بهتر راندن، سریعتر راندن	اصطلاح
outscore	بیشتر امتیاز گرفتن	اصطلاح
outtalk	بیشتر حرف کردن، تحت تاثیر قرار دادن، از رو بردن	اصطلاح
outthink	بیشتر اندیشیدن، پیشدستی کردن، زرنگی بیشتری بکار بردن، بذله گو بودن	اصطلاح
outyell	بهتر فریاد زدن، بلندتر داد زدن	اصطلاح
over my dead body	مگر از روی جسد من رد بشوی تا بتوانی آن کار را انجام دهی	اصطلاح
over the counter	به صورت اختصار به داروهایی که بدون نسخه قابل تهیه است، گفته می‌شود	اصطلاح
over your head	پیچیده و مشکل، غیر قابل فهم، مثال، This matter is over your head=This matter goes over your head	اصطلاح
overabundance	اضافی	اصطلاح
overaccentuate	بیشتر تاکید کردن، بیشتر اهمیت دادن	اصطلاح
overachieve	بهتر انجام دادن	اصطلاح
overadjustment	منطبقتر، میزان تر	اصطلاح
overadvertise	بیشتر آگهی دادن، تبلیغ زیادی کردن	اصطلاح
overaggressive	تهاجمی تر، پشتکار زیاد	اصطلاح
overalert	هشیارتر	اصطلاح
overambition	جاه طلب، آرزومند	اصطلاح
overambitious	بسیار جاه طلب، بسیار بلند همت	اصطلاح
overambitiously	به طور جاه طلبانه	اصطلاح
overamplified	بسیار وسعت داده، خیلی بزرگ کرده، بسیار تقویت شده	اصطلاح
overanalysis	بیش از حد تحلیل شده	اصطلاح
overanalytical	تحلیلی تر	اصطلاح
overanalyze	بسیار تجزیه کردن، زیادی تحلیل کردن	اصطلاح
overanxiety	اضطراب، اشتیاق	اصطلاح
overanxious	بسیار بیمناک، خیلی مضطرب	اصطلاح
overanxiously	بسیار مشتاقانه، با دلواپسی بسیار، با اضطراب زیاد	اصطلاح
overapplication	پر کاربرد، پر استفاده	اصطلاح
overarousal	انگیختگی بالا	اصطلاح
overarrange	بسیار مرتب کردن، بیش از حد آراستن	اصطلاح
overarticulate	شمرده شمرده سخن گفتن	اصطلاح
overassert	بیش از حد ادعا کردن، زیاد حمایت کردن	اصطلاح
overassertion	ادعای زیادی، تاکید بیشتر	اصطلاح
overassertive	بسیار مدعی، بسیار مثبت	اصطلاح
overassessment	ارزیابی بیشتر، ارزشیابی بیشتر	اصطلاح
overattention	توجه بیشتر، دقت بیشتر	اصطلاح
overbake	بیش از حد پختن، بسیار سوزاندن، زیاد سوختن	اصطلاح
overbeat	غالب شدن، ضربان بیشتر، تداخل بیشتر	اصطلاح
overbejeweled	به جواهر زیاد آراسته	اصطلاح
overbill	صورتحساب بیشتر دادن، اسکناس بالاتر	اصطلاح
overbleach	زیاد نفوذ کردن، خیلی سفید شدن یا کردن، رنگبری بالا	اصطلاح
overboil	بیشتر جوشاندن یا جوشیدن، خیلی ملتهب	اصطلاح
overbold	بسیار شجاع، بسیار گستاخ	اصطلاح
overbook	رزرو بیشتر دادن هتل، پرواز	اصطلاح
overborrow	زیاد وام گرفتن، زیاد قرض کردن	اصطلاح
overbreathing	تنفس بیشتر، تنفس سریعتر	اصطلاح
overbrief	زیاد خلاصه کردن	اصطلاح
overbright	بسیاربراق روشن، خیلی باهوش	اصطلاح
overbroad	بسیار پهن، خیلی گشاد	اصطلاح
overbrowse	بسیار چریدن، جستجوی زیاد	اصطلاح
overbrutal	بسیار وحشی، خیلی بیرحم	اصطلاح
overburn	بسیار سوزاندن، زیاد سوختن	اصطلاح
overcareful	بسیار بادقت، با احتیاط زیاد	اصطلاح
overcaution	محتاط	اصطلاح
overcautious	بسیار هوشیار، خیلی مواظب	اصطلاح
overcautiously	بسیار محتاطانه	اصطلاح
overcautiousness	احتیاط	اصطلاح
overcentralization	بیش از حد تمرکز یافتن، تمرکز زیاد	اصطلاح
overcentralize	بیش از حد تمرکز دادن یا متمرکز کردن	اصطلاح
overchill	بیش از حد سردکردن، منجمد شدن	اصطلاح
overcivilized	بسیار متمدن	اصطلاح
overclaim	بیش از حد ادعا کردن، زیادی مطالبه کردن	اصطلاح
overclassification	دسته بندی یا طبقه بندی یا رده بندی بیشتر	اصطلاح
overclassify	خیلی رده بندی کردن، بیش از حد دسته بندی کردن، زیاد طبقه بندی کردن	اصطلاح
overclean	زیاد تمیز کردن، بیش از حد مرتب کردن، بسیار پاکیزه، کاملا بی نقص	اصطلاح
overkill	استفاده بیش از حد، مقدار تخریب، از بین بردن، محو کردن	اصطلاح
overly	بینهایت، خیلی، زیاد	اصطلاح
overreact	هیجانیتر واکنش نشان دادن، شدیدا تحت تاثیر واقع شدن	اصطلاح
overstimulation	بیش از حد تحریک کردن، بیش از حد تهییج کردن	اصطلاح
overthin	بسیار نازک کردن یا شدن، خیلی کم کردن، زیاد رقیق کردن یا شدن	اصطلاح
own up	پذیرفتن اشتباه، اقرار به اشتباه	اصطلاح
pack it in	خارج کردن، ترک کردن، دست کشیدن از	اصطلاح
palsy-walsy	خیلی دوستانه، خودمانی	اصطلاح
pants suit	مانتو	اصطلاح
paper can't wrap up a fire	کاغذ نمیتواند یک آتش را بپوشاند	اصطلاح
par for the course	چیزی که عادی و قابل انتظارباشد	اصطلاح
parallel	موازی	اصطلاح
party animal	شخص مشهوری که شیفته پارتی شده	اصطلاح
party of god	حزب الله	اصطلاح
party pooper	شخصی که مهمانی را ترک میکند	اصطلاح
party wire	رویه حزب سیاسی، خط خصوصی تلفن، رویه شخصی یا سازمانی	اصطلاح
pass the buck	سرزنش کردن دیگران، نسبت دادن به	اصطلاح
pass upon	حکم دادن	اصطلاح
pasta	خمیری که در فرایند شکل گیری باشد مانند خمیر ماکارانی	اصطلاح
paste	خمیر	اصطلاح
pay attention	مراقب بودن، مواظب بودن، به دقت گوش کردن، توجه کردن	اصطلاح
pay through the nose	پول زیادی برای چیزی پرداختن، مثال، you pay through the nose for this old stamp	اصطلاح
pebble on the beach	تحفه نیست	اصطلاح
pedal to the metal	پدال گاز را به سمت پایین فشار دادن	اصطلاح
peel out	ناگهانی رفتن، بسرعت خارج شدن	اصطلاح
penetration theory	نظریه تداخل جرم. تیوری رسوخ	اصطلاح
penny wise dollar dumb	خردمند ذخیره میکند و نادان خرج میکند	اصطلاح
penny-wise pound-foolish	کسی که به جزییات توجه زیادی میکند ولی مسایل بزرگتر را نادیده میگیرد	اصطلاح
people who live in glass houses should not throw stones	کسی که خودش آسیب پذیر است نباید به دیگران صدمه بزند	اصطلاح
pep talk	سخنرانی مهیج، سخنرانی تهییج آور	اصطلاح
perk up	سرزنده‌تر شدن، بهبودی یافتن، اشتیاق نشان دادن	اصطلاح
permeation	نفوذ انحلالی	اصطلاح
peu de chose	کم بها	اصطلاح
pie in the sky	کاملا غیر ممکن، مثال، Your idea is pie in the sky، ایده‌ها و تصوراتی که ظاهری جالب دارند ولی در عمل غیر ممکن هستند	اصطلاح
pile on the agony	ننه من غریبم در اوردن	اصطلاح
pillow talk	گفتگوی خودمانی	اصطلاح
piss off	برو بیرون	اصطلاح
plait	جایی که در آن خط تبدیل به یک نقطه می‌شود	اصطلاح
play catch-up	ورزش: مساوی کردن	اصطلاح
play second fiddle	موقعیت پایینتری را پذیرفتن	اصطلاح
playmaker	بازیساز، بازیگردان	اصطلاح
plough a lone	یک تنه کار کردن	اصطلاح
plumb loco	مثل یک دیوانه	اصطلاح
plunge in	بی پروا شروع کردن	اصطلاح
poertry in motion	قشنگ و دیدنی، تماشایی، مثال، This flower is poetry in motion	اصطلاح
polka dot	پارچه با خالهای منظم	اصطلاح
polling day	روز رایگیری، روز سرشماری	اصطلاح
polling station	محل‌های رای گیری	اصطلاح
posilutely	به طور قطعی	اصطلاح
pot-bound	گیاه گلدانی	اصطلاح
power take off	نیروی راه اندازی موتور	اصطلاح
power to you elbow	خسته نباشید	اصطلاح
practice what you preach	کاری را که به دیگران توصیه میکنی اول خودت انجام بده	اصطلاح
preaching to the choir	سعی کردن برای جذب طرفدار بجز طرفداران فعلی	اصطلاح
prevail on	ترغیب کردن، بر آن داشتن، چاپلوسی کردن	اصطلاح
prevention is better than cure	پیشگیری از درمان بهتر است	اصطلاح
priming	انسداد	اصطلاح
protest too much	اصرار زیاد درموضوعی و ایجاد این تصور که راست نمیگویی	اصطلاح
psych out	بی اعتماد شدن، از دست دادن اطمینان، تمرکز پیدا نکردن	اصطلاح
psychrometric ratio	نسبت رطوبت سنجی	اصطلاح
pull out all the stops	کار کردن سخت تا حد ممکن	اصطلاح
pull the pin	خارج کردن، ترک کردن، دست کشیدن از	اصطلاح
pull the wool over someone's eyes	سر کسی را شیره مالیدن!، گول زدن کسی، مثال، You pool the wool over his eyes	اصطلاح
pulling your leg	کلک زدن و یا شوخی کردن برای خنده	اصطلاح
pulp   paper	کاغذ سازی	اصطلاح
punch drunk	در اصطلاح: ترکیدن سر بر اثر خونریزی، گیج شده	اصطلاح
push comes to shove	زمان قطعی آمدن	اصطلاح
put a wrench in the work	کار را خراب کردن، موش دواندن در کار، مثال، I try to arrange the team,but he puts a wrench in the work	اصطلاح
put down roots	زندگی آرام و پایدار داشتن، برای مدت مدیدی در یک مکان زندگی کردن، خانه دایمی ساختن	اصطلاح
put in a good word for	داوطلب مناسبی بودن	اصطلاح
put in mind	یاداوری کردن، یاداور شدن، بیاد اوردن، به ذهن ماندن	اصطلاح
put my foot down	نه گفتن، ابدا، بهیچوجه، به هیچ عنوان	اصطلاح
put on airs	پز دادن	اصطلاح
put one's finger on	تعیین کردن، تعیین هویت کردن، شناسایی کردن، مشخص کردن، تشخیص دادن	اصطلاح
put one's foot down	سمت پذیرفتن در بنگاه اقتصادی وقتی با بحران مواجه شده، گاز دادن، شدیدا اعتراض داشتن	اصطلاح
put one's foot in one's mouth	اشتباه شرمسارانه کردن، خجل شدن	اصطلاح
put one's shoulder to the wheel	با جدیت مشغول کار شدن	اصطلاح
put paid to	به ته رساندن، به پایان رساندن، ناگهان متوقف کردن، نابود کردن	اصطلاح
put sb off his stride	چوب لای چرخ کسی گذاشتن	اصطلاح
put the arm on	پول خواستن، طلب کردن	اصطلاح
put the bite on	پول خواستن، طلب کردن، گدایی کردن	اصطلاح
put the finger on	اطلاعات دادن	اصطلاح
put the make on	مهیا کردن، آماده کردن	اصطلاح
put the pedal to the metal	زودباش، تندتر، مثال، You are walking very slowly,put the pedal to the metal	اصطلاح
put to bed	مهیای پرینت کردن، در جعبه گذاشتن	اصطلاح
put to it	تحت فشار گذاشتن، سختی دادن	اصطلاح
put together	ترکیب شدن، ترکیب کردن، باهم پیوستن، ملحق شدن، ساختن، ایجاد کردن	اصطلاح
put you at ease	راحت کردن، آرام کردن	اصطلاح
put your best foot forward	اقدام برای انجام بهترین کاری که میتوانید	اصطلاح
put your foot in your mouth	بیان مطلبی که باعث رنجش شود	اصطلاح
quarter-bound	جلدی که تنها ته آن چرم دارد	اصطلاح
quite a bit	مقدار قابل توجه	اصطلاح
raffinate	باقیمانده	اصطلاح
rain cats and dogs	شرشر باران امدن, مثل دم اسب باران امدن، مثال، it's raining cats and dogs. yo will get all soacked the minute you step out	اصطلاح
raise cain	مزاحم دیگران شدن و دردسر درست کردن	اصطلاح
raw deal	رفتار غیرمنصفانه، مثال، He got life in jail , that was a raw deal because he hadnt killed anyone	اصطلاح
razor-sharp	زیرک، باهوش	اصطلاح
rear-view	دید عقب	اصطلاح
rear-view mirror	آینه بغل که برای دید عقب بکار می‌رود	اصطلاح
relative humidity	رطوبت نسبی	اصطلاح
renaissance man	آدم چند مرده حلاج، کسی که در چند زمینه مخصوصا علوم و هنر صاحب نظر است	اصطلاح
rhythm and blues	موسیقی سنتی سیاهان آمریکا که ترکیبی از آهنگ حزن و نشاط است	اصطلاح
rich in	زیاد داشتن	اصطلاح
ride high	با دمش گردو می‌شکند، در عرش سیر می‌کند	اصطلاح
right about face	فرمان عقب گرد، سوی دیگر، جهت دیگر، برعکس، عکس	اصطلاح
right up someone alley	کاملا مناسب برای کسی، راست کار کسی	اصطلاح
road apple	پشگل یخ زده اسب بعنوان گوی هاکی استفاده میشود	اصطلاح
rock music	قالبی از موسیقی که از اواسط 1950 در آمریکا برخاسته و شکل غالبی از موسیقی عم. می‌در جهان شده	اصطلاح
rock the boat	ارامش را بر هم زدن، مثال، everyone is living in peace. Dont rock the boat please	اصطلاح
roll out the red carpet	خوش آمدگویی باشکوه به یک مهمان مهم	اصطلاح
rome was not built in one day	انجام کارهای بزرگ نیاز به زمان دارد	اصطلاح
rotten apple	شخص فاسد در گروه	اصطلاح
round about	درهمان حدود و یا بصورت تقریبی	اصطلاح
round the bend	دیوانه، مست	اصطلاح
rub salt in an old wound	نمک روی زخم پاشیدن	اصطلاح
run amok	از کنترل خارج شدن	اصطلاح
run for it	فرار کردن، گریختن	اصطلاح
run out of town	از شهر اخراج کردن	اصطلاح
run-around	گردش کردن، احاطه کردن	اصطلاح
sandwich shop	ساندویچ فروشی	اصطلاح
scrape the barrel	کفگیر به ته دیگ خورده	اصطلاح
scrapyard	محل اسقاط آهن	اصطلاح
seat belt	کمربند صندلی	اصطلاح
second coming	آمدن مسیح در قیامت بعنوان حاکم	اصطلاح
second nature	کاری که انجامش برای شما بسیار طبیعیست	اصطلاح
security check	بازرسی امنیتی	اصطلاح
security guard	محافظ امنیتی	اصطلاح
seeing is believing	دیدن باور کردن است	اصطلاح
selectivity	انتخاب گزینش پذیری. فاکتور جداسازی	اصطلاح
serves you right	چشمت کور، حقته	اصطلاح
settle down	زندگی آرام و پایدار داشتن، آرام بودن	اصطلاح
shaggy dog story	جوک طولانی و بیمزه	اصطلاح
shake a leg	عجله کردن، جنبیدن، مثال، It's getting late. Come on, shake a leg	اصطلاح
shakedown	بازسازی، تغییر بنیادین، جستجوی کامل، فریب، رختخواب موقت، رقص مفرط، دوره سازگاری	اصطلاح
shavuoth	جشن بزرگ یهودیان که پنجاه روز بعد از روز دوم عید فطیر است	اصطلاح
sheesh	متعجب شدن، برای بیان تعجب بکار میرود	اصطلاح
shoe-repairer	کفاش، تعمیرکار کفش	اصطلاح
shook up	ترک گذشته، واژگونی، آشفتگی، سازماندهی مجدد قسمت اصلی	اصطلاح
shoot through	ناگهانی رفتن، بسرعت خارج شدن، عجله کردن	اصطلاح
shoplift	دزدیدن، دزدیده شدن	اصطلاح
shuck	رهایی جستن، آزاد بودن، دست انداختن	اصطلاح
shucks	برای بیان تعجب، افسوس و غیره، خب	اصطلاح
shut up	خفه شو	اصطلاح
sick as a dog	دچارسرماخوردگی شدید شدن	اصطلاح
sicker than a dog	خیلی مریض و بیمار بودن	اصطلاح
sick-out	اعتصاب	اصطلاح
simple vaporization	تبخیر ساده	اصطلاح
sink or swim	راهی برای موفقیت پیدا کن یا بباز، یا پیروزی یا شکست	اصطلاح
sit the fence	کسی که باید یک راه را انتخاب کند ولی هنوز تصمیم نگرفته	اصطلاح
six of one a half-dozen of the other	آنها مشابه اند، درمورد یک چیز صحبت میکنید	اصطلاح
skeleton in one's closet	راز شرم آور. نقطه ضعف، مثال، my father was once behind bars. That's our family's skeleton in the closet	اصطلاح
skeletons in the closet	مسایل بسیار شخصی گذشته که تمایلی به گفتن آنها ندارید	اصطلاح
skido 23	بزن بریم هواپس است	اصطلاح
skin-search	بازرسی بدنی	اصطلاح
slab	ورقه	اصطلاح
sling one's hook	باقی گذاردن، رها کردن، ول کردن، گذاشتن، دست کشیدن از، رهسپار شدن، عازم شدن، ترک کردن	اصطلاح
sloth bear	خرس جنگلی هندی با موهای سیاه و چنگالها و پوزه بزرگ که اغلب از حشرات تغذیه میکند	اصطلاح
slowdown	کندی، کاهش فعالیت اقتصادی، اعتصاب	اصطلاح
sludge	توده گل مرطوب	اصطلاح
slumber party	جمع شبانه دختران در خانه یکی از جمع خودشان	اصطلاح
slurry	دوغاب	اصطلاح
smarty pants	شلوار ژیگوله	اصطلاح
snack bar	محلی که در آن غذا را در پیشخوان سرو میکنند	اصطلاح
so as	اینقدر، اینطور، همچو، بقدری، آنقدر، چندان، همینطور، همچنان، همینقدر، پس، بنابراین، از آنرو، برای اینکه، بطوریکه، چنانکه	اصطلاح
so long	خداحافظ	اصطلاح
so what	چیز متفاوت، چیزی که انجام دادن آن اهمیت دارد	اصطلاح
soft drink	نوشیدنی غیر الکلی	اصطلاح
solubility	حلالیت	اصطلاح
sophie s choice	بین مرگ خودت و بچه ات انتخاب کن	اصطلاح
soul music	قالبی از آواز موسیقی آمریکایی که ابتدا توسط مسیقیدانهای آفریقایی تبار اجرا شد و ریشه‌های آن در موسیقی کلیسا و آهنگ حزن انگیز است	اصطلاح
southeastern	جنوب شرقی	اصطلاح
soybean	دانه سویا	اصطلاح
spang-new	نونو، بکلی نویاتازه	اصطلاح
spanking new	کاملا نو، نو، ‌تر و تازه	اصطلاح
spectacled bear	خرس سیاه یا قهوه ای تیره از کوهستانهای آند با حلقه سفید رنگ دور چشم	اصطلاح
speech is silver but silence is golden	سخن، نقره است اما سکوت طلاست	اصطلاح
spinny	کمی عجیب و غریب	اصطلاح
spiral binding	کتاب سیمی	اصطلاح
spiral bound	سیمی کردن، فنری کردن	اصطلاح
split down the middle	نتیجه در هردو صورت یکسان است	اصطلاح
split hairs	مو را از ماست کشیدن، مته به خشخاش گذاشتن، مثال، lets stop spliting hairs. we should look at the problem as a whole	اصطلاح
start from scratch	شروع به انجام یک کاراز ابتدا	اصطلاح
stay up	بیدار ماندن	اصطلاح
steam	بخار	اصطلاح
stepwise	پلکانی	اصطلاح
stereotypic	نشان دادن، قالب گیری با صفحه، نمادی از شخصی یا چیزی	اصطلاح
sticky bun	زردچوبه را با شکر و کره پختن	اصطلاح
still wet behind the ears	آدم بی تجربه، تازه کار	اصطلاح
stop yanking my chain	دست از سرم بردار، راحتم بگذار، مثال، Why are you bothering me?Please stop yanking my chain	اصطلاح
stream	جریان	اصطلاح
strip-search	بازرسی بدنی کردن	اصطلاح
success has many fathers while failure is an orphan	پیروزی، پدران زیادی دارد در صورتیکه شکست یک یتیم است	اصطلاح
suck up to	به نفع خود بودن، چاپلوسی کردن	اصطلاح
suits you	خوب نگریستن	اصطلاح
sun bear	خرس جنگلی کوچک از جنوبشرقی آسیا با پوست خزه ای سیاه و سینه سفید یا پرتقالی	اصطلاح
supreme being	منتهای هستی، خدا	اصطلاح
surface renewal theory	نظریه نو شوندگی سطح. نظریه جایگزینی سطحی	اصطلاح
take a back seat	وضعیت یا حالت دومی فرض کردن، در حد مورد نظر نبودن	اصطلاح
take a bath	ورشکسته شدن، زیان مالی زیاد دیدن	اصطلاح
take a break	استراحت چند دقیقه ای یا چند روزی یا چند هفته ای	اصطلاح
take a chance	بخت آزمایی	اصطلاح
take a hike	گردش کردن، راهی شدن، ترک کردن، دست کشیدن از، بیرون رفتن	اصطلاح
take a powder	شتابزده عازم شدن، زود ترک کردن	اصطلاح
take action	عمدی انجام دادن، دانسته عمل کردن	اصطلاح
take advantage of	بهترین زمان را انتخاب کردن، منفعت بردن با، اعمال نفوذ کردن، بهره برداری کردن از	اصطلاح
take aim at	هدف قرار دادن، مورد نظر بودن	اصطلاح
take apart	جدا کردن، مجزا کردن، خشن عمل کردن	اصطلاح
take away	برداشتن، کاستن، تحقیر کردن	اصطلاح
take back	پس دادن، تصرف مجدد کردن، سوگند شکستن	اصطلاح
take care	مواظب بودن، ترتیب چیزی را دادن	اصطلاح
take charge	تحت کنترل داشتن، سرپرستی کردن	اصطلاح
take down a peg	روی کسی را کم کردن	اصطلاح
take effect	موثر بودن یا شدن، اثر داشتن، باعث تغییر شدن	اصطلاح
take exception	اعتراض کردن، مخالفت کردن	اصطلاح
take five	استراحت پنج دقیقه ای، دست از کار کشیدن	اصطلاح
take flight	پرواز کردن، فرار کردن	اصطلاح
take for	اشتباهی گرفتن]در مورد دزدی[	اصطلاح
take for a ride	حقه بازی کردن، کلک زدن	اصطلاح
take for granted	پیش بینی کردن، حدس زدن	اصطلاح
take from	تحقیر کردن، کاستن	اصطلاح
take heart	اطمینان پیدا کردن، شجاع بودن	اصطلاح
take hold	چنگ زدن، اثر داشتن	اصطلاح
take home pay	سود، درآمد باقیمانده از حقوق پس از کسورات	اصطلاح
take in vain	بی احترامی کردن	اصطلاح
take into account	کمک معاش دادن، مزایا دادن	اصطلاح
take issue	مخالف بودن، ناسازگار بودن، مغایر بودن	اصطلاح
take it easy	تلاش کمی کردن، استراحت کردن	اصطلاح
take it on the chin	تن در دادن، تحمل کردن	اصطلاح
take it out on	اظهار خشم کردن، عصبانی شدن	اصطلاح
take kindly to	تمایل نشان دادن، با صفا بودن	اصطلاح
take notice of	با دقت انجام دادن	اصطلاح
take off eh	برو بیرون	اصطلاح
take one's leave	خداحافظی کردن	اصطلاح
take one's time	عجله نداشتن، وقت داشتن	اصطلاح
take oneself off	عقب نشینی کردن، کناره گیری کردن، بیرون رفتن، خارج شدن، رها کردن	اصطلاح
take out on	رها شدن از، رها کردن، به بیرون دادن	اصطلاح
take part in	شرکت کردن، با همراه بودن	اصطلاح
take root	مشتق شدن، نشات گرفتن، ثابت شدن	اصطلاح
take shape	فرض معلوم کردن	اصطلاح
take ship	عازم سفر دریایی شدن	اصطلاح
take the cake	جایزه بردن، مضحکترین و بدترین	اصطلاح
take the mickey	شوخی کردن، مسخره کردن	اصطلاح
take the mickey out of	تفریح کردن، کسی را دست انداختن	اصطلاح
take the plunge	تصمیم قطعی گرفتن	اصطلاح
take to	مورد استفاده قرار گرفتن	اصطلاح
take to court	به دادگاه آوردن	اصطلاح
take to one's heels	گریزان، گریختن، شخص فراری	اصطلاح
take to the cleaners	تمام پول را یکجا بردن، از پول محروم کردن	اصطلاح
take turns	به طور متناوب کار کردن	اصطلاح
take up	مشغول شدن، کار یاد گرفتن	اصطلاح
take up the cudgels	درگیری شدید پیدا کردن، درگیری شدید داشتن	اصطلاح
take up with	جذب شدن، علاقمند شدن، همدم یا شریک شدن با برای ازدواج	اصطلاح
taken in	فریب دادن، توجهکردن، سفت کردن، حلقه زدن، در برنامه قرار دادن، انتظار داشتن، دریافتن، اغفال کردن	اصطلاح
take-no-prisoners	بیرحم بودن	اصطلاح
talk about	راجع به چیزی صحبت کردن، بحث کردن	اصطلاح
talk back	پاسخ گستاخانه	اصطلاح
talk into	ترغیب کردن	اصطلاح
talk radio	برنامه رادیویی با گفتگوی تلفنی	اصطلاح
talk sense	بیان تفکرات عقلانی	اصطلاح
talk show	بحث در برنامه رادیویی یا تلویزیونی با اشخاص مهم	اصطلاح
talk therapy	تاکید بر گفتگو در روان درمانی	اصطلاح
talk through one's hat	بیان کردن اندیشه‌های غلط و اشتباه، بی خردی	اصطلاح
talk turkey	مذاکره جدی، مذاکره منصفانه	اصطلاح
tap pants	لباس زیر زنانه چسبناک	اصطلاح
tear into	بدون اخطار حمله کردن	اصطلاح
teddy bear	خرس عروسکی	اصطلاح
teed off	مضطرب، مرافعه	اصطلاح
teenage	مرتبط با نوجوانان یاجوانان	اصطلاح
tell me another one	به من دروغ نگو	اصطلاح
temperature drop	افت دما	اصطلاح
test out	تجربه کردن، آزمایش کردن	اصطلاح
that makes it even	این به آن در	اصطلاح
that s all she wrote	داستان اینجا تمام میشود، جاییکه داستان تمام میشود	اصطلاح
that s great	عالی است	اصطلاح
the apple of your eye	شخص یا چیزی که بیشترین اهمیت را برای شما دارد، نور چشمی	اصطلاح
the baby needs shoes	به من شانس بده	اصطلاح
the ball is in your court	نوبت شماست که کاری را انجام دهید، توپ در زمین تو است	اصطلاح
the best of both worlds	بهترین جنبه از دو انتخاب متفاوت را برگزیدن	اصطلاح
the best wine is the oldest the best water the newest	بهترین شراب کهنه‌ترین است و بهترین آب تازه ترین	اصطلاح
the big apple	شهر نیویورک	اصطلاح
the bigger they are the harder they fall	ما میتوانیم به این دشمن قوی آسیب بزنیم	اصطلاح
the blahs	افسردگی	اصطلاح
the bottle	مشروب خوردن یاخوراندن، مشروب الکلی	اصطلاح
the busy bee has no time for sorrow	زنبور مشغول، وقتی برای غم ندارد	اصطلاح
the can	توالت، دستشویی، زندان	اصطلاح
the chips are down	هوا پس است	اصطلاح
the cupboard is bare	کفگیرش به ته دیگ رسیده	اصطلاح
the dawn does not come twice to awaken a man	سپیده دم برای بیدار کردن یک مرد، دوبار نمی‌آید	اصطلاح
the devil is in the details	وقتی قسمت سخت یک کارجزییات زیادی داشته باشد	اصطلاح
the early bird catches the worm	سحرخیز باش تا کامروا شوی	اصطلاح
the ends justify the means	برای چنین وضعیتی است که ما فراخوانده شده ایم	اصطلاح
the first step is the hardest	اولین قدم، سخت‌ترین قدم است	اصطلاح
the grass is always greener	مرغ همسایه غازه	اصطلاح
the hand you cannot bite kiss	دستی را که نمیتوانی گاز بگیری، ببوس	اصطلاح
the heart of man and the bottom of the sea are unfathomable	قلب یک مرد و ته دریا، غیر فابل سنجش هستند	اصطلاح
the john	حمام، دستشویی، توالت	اصطلاح
the jury is out	هنوز تصمیم گرفته نشده	اصطلاح
the leopard cannot chang his spots	عاقبت، گرگ زاده گرگ شود	اصطلاح
the life and soul of something	سرزنده‌ترین وشوخ‌ترین آدم در مهمانی، مثال، why did not you invite ali .he is the life and soul of the parties	اصطلاح
the long arm of the law	پلیس، روش پلیسی	اصطلاح
the pot calling the kettle black	دیگ به دیگ میگه رویت سیاه	اصطلاح
the pot calls to a kettle black	دیگ به دیگ میگه روت سیاه	اصطلاح
the pros and cons	دلایلی که برای چیزی و برعلیه انجام آن وجود دارد	اصطلاح
the quarrel of lovers is the renewal of love	دعوا بین عشاق، تجدید عشق است	اصطلاح
the rest is gravy	وقتی دو چیز خوب یکی پس از دیگری اتفاق بیافتد	اصطلاح
the runaround	نسبت دادن به، جواب غیر مستقیم، دور زدن	اصطلاح
the sky is the limit	محدودیتی برای این کار مشخص وجود ندارد	اصطلاح
the sticks	مناطق روستایی، تیردروازه یا میله عمودی کریکت	اصطلاح
the straw that broke the camel's back	چیزی که آخرسر شما را ناراحت کند	اصطلاح
the traffic will bear	شرایط موجود اجازه خواهد داد	اصطلاح
the whole works	تقریبا همه چیز فراهم است	اصطلاح
the wild	منطقه بکر	اصطلاح
the wilds	منطقه دوردست	اصطلاح
the writing on the wall	نشانه هایی از یک تغییر که کاملا واضح و مشخص است	اصطلاح
there's no place like home	هیچ جایی شبیه خانه وجود ندارد	اصطلاح
there's nothing to choose between a and b	سگ زرد برادر شغال است	اصطلاح
things are not always what they seem	چیزها، همیشه آنطوری که به نظر می‌آیند نیستند	اصطلاح
think up	تصور کردن، پنداشتن، فرض کردن	اصطلاح
third wheel	نفر سومی که وجودش برای انجام یک کار بی فایده است	اصطلاح
three-quarter binding	کتابی که جلد و یک سوم صفحات آن همجنس باشند	اصطلاح
through the grapevine	تماما اراجیف	اصطلاح
throw chunks	قی کردن، استفراغ کردن، برگرداندن، بالا اوردن	اصطلاح
throw one's weight about	اعمال نفوذ کردن	اصطلاح
throw together	شتابزده با هم توضیح دادن، به اجماع رساندن	اصطلاح
tick off	سرزنش کردن، عصبانی شدن، آزردن	اصطلاح
ticked off	مضطرب، دلخور	اصطلاح
tie the knot	ازدواج کردن	اصطلاح
tied to his mother's apron strings	بچه ننه بودن	اصطلاح
tieline	خط بست	اصطلاح
time cures all things	زمان هر چیزی را درمان میکند	اصطلاح
time is a great healer	زمان التیام دهنده بزرگی است	اصطلاح
tip a few	کمی آبجو نوشیدن	اصطلاح
tit for tat is a fairplay	این به آن در	اصطلاح
tits up	غیرعملیاتی، ورشکسته	اصطلاح
to be a time-server	نان را به نرخ روز خوردن	اصطلاح
to be all over someone	قربان صدقه کسی رفتن	اصطلاح
to be turn the tables	ورق برگشتن	اصطلاح
to beat the band	با انرژی زیاد	اصطلاح
to bite the dust	مردن، مرحوم شدن، مثال، He has bitten the dust	اصطلاح
to bits	کاملا، سربسر، جمعا، بطور سرجمع، رویهمرفته	اصطلاح
to carry coals to newcastle	ز یره به کرمان بردن	اصطلاح
to cast in a person's teeth	به رخ کسی کشیدن	اصطلاح
to come	موجود بودن، در آینده رسیدن	اصطلاح
to error is human to forgive divine	همه انسانها اشتباه میکنند و ماباید آنها را ببخشیم	اصطلاح
to get somebody's got	کفر کسی را بالا آوردن	اصطلاح
to give someone dirty look	چپ چپ به کسی نگاه کردن	اصطلاح
to go	باقی مانده، آماده فروش	اصطلاح
to go back on one's bargain	دبه در آوردن	اصطلاح
to grin  and bear it	دندان روی جگر گذاشتن	اصطلاح
to have a finger in every pie	نخود هر آشی بودن	اصطلاح
to have roving eyes	چشم چرانی کردن	اصطلاح
to pocket an insult	زیر سبیلی رد کردن	اصطلاح
to rain cats and dogs	مثل سیل باریدن باران سیل آسا	اصطلاح
to rule the roost	همه کاره بودن، رییس بودن، مثال، There is no doubt who rules the roost in this house	اصطلاح
to run the gauntlet	از هفت خوان رستم گذشتن	اصطلاح
to send someone on a wild goose chase	کسی را دنبال نخود سیاه فرستادن	اصطلاح
to turn against someone	چپ افتادن با کسی	اصطلاح
toes over the line	نظام از راست	اصطلاح
too deep for me	وقتی در شرایط سخت و پیچیده هستید	اصطلاح
too many cooks spoil the broth	تعداد زیاد آشپز، اشکنه را خراب میکنند، آشپز که دو تا شد آش یا شور می‌شود یا بی نمک	اصطلاح
toot one's own horn	لاف زدن، بالیدن، فخرکردن	اصطلاح
top banana	شخصی مهم در یک سازمان	اصطلاح
touch on	اقدام کردن، نزدیک بودن، خلاصه صحبت کردن، ذکر کردن	اصطلاح
trash talk	لاف زدن، بلوف کردن	اصطلاح
true love never grows old	عشق راستین هرگز کهنه نمیشود	اصطلاح
truer words were never spoken	موافقت کامل با چیزی که دیگری میگوید	اصطلاح
truth will out	ماه همیشه پشت ابر نمی‌ماند	اصطلاح
try on	تست کردن	اصطلاح
try out	رقابت کردن، تلاش برای عضو شدن، تجربه کردن	اصطلاح
try your luck	بخت آزمایی	اصطلاح
turn over a new leaf	تلاش برای بهتر کردن شرایط زندگی	اصطلاح
turnabout	چرخ فلک، معکوس، تغییر مسیر، نافرمانی، خاین، تلافی	اصطلاح
two dogs are fighting for a bone a third runs away with it	دو سگ دارند برای استخوانی میجنگند، سومی با آن فرار میکند	اصطلاح
two party	دو حزبی	اصطلاح
two wrongs don't make a right	درست نیست کار اشتباهی را در پاسخ به اشتباه دیگری انجام دهی، جواب بدی نیکی است	اصطلاح
two's company  three's a crowd	نفر سومی که در یک گروه دو نفری باعث ناهماهنگی است	اصطلاح
unattractive	ناخوشایند، دلگیر	اصطلاح
unbound water	آب نچسبیده	اصطلاح
uncultivated	منطقه بکر، نه چندان فرهیخته	اصطلاح
under one's very nose	درست جلوی چشمان شخص، مثال، the witness told the court that the murder had been comitted under his very nose	اصطلاح
under the gun	فشار زیادی را تحمل کردن تا کاری انجام شود	اصطلاح
under the weather	احساس خوبی نداشتن	اصطلاح
under the wire	آخرین لحظه، دقیقه، مثال، Wow! You ride the train under the wire	اصطلاح
underarm	زیر بغل	اصطلاح
unexploited	توسعه نیافته، استثمار نشده	اصطلاح
unimpressive	غیر موثر، ناگیرا	اصطلاح
unload	آزاد بودن، برداشتن، خلاص کردن، بیرون کشیدن، دور انداختن، تخلیه شدن، آزاد شدن	اصطلاح
unloader	تخلیه کننده	اصطلاح
up against	چیزی و یا کسی که با آن درستیز هستید و میخواهید شکستش دهید	اصطلاح
up against it	فقیر، کسی که قادر نیست صورتحساب را بپردازد	اصطلاح
up and coming	بهتر شدن تواناییها، نشان دادن پتانسیل	اصطلاح
up for grabs	چیزی که رایگان دراختیار دیگران میگذارید	اصطلاح
up in the air	نامعین، متغیر، حل نشده، تصمیم نگرفته	اصطلاح
up one s alley	وفق دادن با سلایق و تواناییها	اصطلاح
up sticks	ناگهانی و بی خبر جایی را برای همیشه ترک کردن، مثال، He upped stciks and went to work abroad	اصطلاح
up the booay	کاملا اشتباه یا گمراه	اصطلاح
up the pole	عقلش پاره سنگ بر می‌دارد	اصطلاح
upbear	نگهداشتن، تقویت کردن	اصطلاح
uptight	عصبی، خشمگین	اصطلاح
vapor recompression	تراکم مجدد بخار	اصطلاح
variety is the spice of life	تنوع، چاشنی زندگی است	اصطلاح
verge on	نزدیک بودن، شبیه بودن	اصطلاح
vicar of bray	نان به نرخ روز خور، بوقلمون صفت	اصطلاح
wacko	دیوانه	اصطلاح
wade in	حمله کردن، درگیر شدن، با جدیت مشغول کار شدن	اصطلاح
walk in the park	مسیولیت خیلی آسان، کار راحت، مثال، You must answer the phone.It's a walk in the park	اصطلاح
walking on broken glass	تنبیه کردن، مجازات کردن، مثال، She had me walking on broken glass	اصطلاح
war party	حزب سیاسی ملی گرا که از جنگ حمایت میکند	اصطلاح
warts and all	نشان دادن صریح اشتباهات و نقایص، ایده آل نبودن	اصطلاح
wasn t born yesterday	جهان دیده	اصطلاح
watch grass grow	خسته کننده، کسل کننده، مثال، This movie is like watching grass grow	اصطلاح
watching paint dry	واقعا خسته کننده، کسالت آور، مثال، This lecture is like watching paint dry	اصطلاح
water bear	نژادی از بی مهرگان میکروسکوپی با چها جفت پا که در آب زندگی میکردند	اصطلاح
water under the bridge	تجربه‌های تلخ گذشته که تصمیم به فراموش کردنش دارید	اصطلاح
wear the pants	تصمیم گرفتن، کنترل کردن	اصطلاح
wear your heart on your sleeve	احساسات خود را راحت ابراز کردن	اصطلاح
well taken	درست، واقعی، توجیه پذیر	اصطلاح
wet behind the ears	آدم بی تجربه، تازه کار، مثال، Be careful in driving! You are wet behind the ears	اصطلاح
wet blanket	آدم ضد حال، مثال، I was with Anne and she was being a real wet blanket	اصطلاح
what do you do for a crust	کارت شغل چیه	اصطلاح
what they don't know won't hurt them	چیزی که دیگران لازم نیست بدانند	اصطلاح
what you don't know can't hurt you	آنچه نمی‌شناسی، نمیتواند به تو آسیب برساند	اصطلاح
what's up	تازه چه خبر	اصطلاح
wheel and deal	زد و بند کردن، مثال، you cant do any business in this town if you dont wheel and deal	اصطلاح
when donkeys fly	اشاره دارد به امری محال و غیر ممکن پرواز الاغها	اصطلاح
when in doubt do nothing	در زمان شک، کاری نکن	اصطلاح
when in rome  do as the romans do	خواهی نشوی رسوا همرنگ جماعت شو	اصطلاح
when it rains  it pours	وقتی همه بدبیاریها یکباره اتفاق می‌افتد	اصطلاح
when pigs fly	اتفاقی که هرگز نخواهد افتاد، وقت گل نی	اصطلاح
when poverty comes in at the door love flies out of the window	زمانیکه فقر از در داخل میشود، عشق از پنجره به بیرون پرواز میکند	اصطلاح
when the cat's away the mice will play	زمانی که گربه دور است، موش بازی خواهد کرد	اصطلاح
where is the beef	اصل قضیه کجاست، مثال، your proposal seems to be realy appealing, but where is the beef	اصطلاح
where one is at	در حالت درست بودن	اصطلاح
who cares	انجام هر چیزی که توجه بخواهد	اصطلاح
who is who	شناسایی افراد، شخصیت دیگران را دانستن	اصطلاح
wimp	بز دل، ترسو	اصطلاح
wimp out	نامردی کردن	اصطلاح
windscreen wiper	برف پاک کن	اصطلاح
wine and dine	خیلی مفصل از کسی پذیرایی کردن	اصطلاح
wingless	بی بال	اصطلاح
wishes do not wash the dishes	با حلوا حلوا دهن شیرین نمیشه	اصطلاح
with a high hand	پر فیس و افاده	اصطلاح
with one's pants down	شرمنده شدن	اصطلاح
with your back up against the wall	وقتی امکان انتخاب نداشته باشید، نه راه پیش دارید و نه راه پس	اصطلاح
without a doubt	بدون شک	اصطلاح
woof your cookies	قی کردن، استفراغ کردن، برگرداندن، بالا اوردن	اصطلاح
woolly bear	ج ش کرم کرک دار	اصطلاح
woop woop	منطقه دور افتاده	اصطلاح
word of mouth	خبرهایی که از شخصی به شخص دیگر منتقل میشود	اصطلاح
work my fingers to the bone	سخت کار کردن تا حد ضعیف شدن	اصطلاح
work your socks off	بسختی کار کردن، کار زیاد کردن	اصطلاح
worried sick	خیلی ناراحت، بینهایت دلواپس	اصطلاح
yesterday is history tomorrow is mystery	دیروز تاریخ است و فردا معما	اصطلاح
you can lead a horse to water but you cannot make him drink	شما میتوانید اسبی را به طرف آب ببرید اما نمیتوانید او را مجبور به نوشیدن کنید	اصطلاح
you cannot make an omelet without breaking eggs	شما نمیتوانید بدون شکستن تخم مرغها املتی درست کنید	اصطلاح
you can't judge a book by its cover	از روی ظاهر قضاوت نکن	اصطلاح
you can't wake up a person who is pretending to be asleep	شما نمیتوانید مردی را که خودش را به خواب زده بیدار کنید	اصطلاح
you got him	کلکشو کندی، دخلشو آوردی، اونو زدی رایج بین خلبان ها	اصطلاح
you never know what is enough unless you know more than enough	تو هرگز نمیدانی چقدر کافی است، مگر اینکه تو بیشتر از اندازه بدانی	اصطلاح
you never know what you can do till you try	تو هرگز نمیدانی چه میتوانی انجام دهی، تا اینکه سعی کنی	اصطلاح
you re kidding	جدی نمی‌گی	اصطلاح
you scratch my back i'll scratch yours	شما پشت مرا بخارید، من پشت شما را خواهم خارید	اصطلاح
you what	راست می‌گی، خیلی عجیبه، اصطلاح فوق جهت درخواست برای تکرار حرف گوینده نیز بکار می‌رود یه بار دیگه بگو	اصطلاح
your fingers can't be of the same length	انگشتان شما نمیتوانند به یک اندازه یکسان باشند	اصطلاح
your guess is as good as mine	نمیتوانید با قاطعیت در مورد مطلبی صحبت کنید	اصطلاح
yucky	منزجر کننده، ناخوشایند، زننده	اصطلاح
zip it	ساکت باش، هیس، خفه	اصطلاح
a bargain's a bargain.	حساب حساب است کاکا برادر	اصطلاح
a bird in hand is worth two in the bush.	سیلی نقد به از حلوای نسیه است	اصطلاح
a burnt child dreads fire.	مارگزیده از ریسمان سیاه و سفید می‌ترسد	اصطلاح
a fool and his money are soon parted.	یک احمق بزودی کیسه زر خود را از کف می‌دهد	اصطلاح
a friend in need is a friend indeed.	دوست آن باشد که گیرد دست دوست درپریشان حالی و درماندگی	اصطلاح
a light purse is a heavy curse.	تهی دست روسیاه است	اصطلاح
a little learning is a dangerous thing.	علم ناقص مایه خطر است	اصطلاح
a man's best friends are his ten fingers.	کس نخارد پشت من جز ناخن انگشت من	اصطلاح
a merry heart doeth good like medicine.	دلی شاد اثری معجزه آسا دارد	اصطلاح
a miss is as good as a mile.	آب که از سر گذشت، چه یک گز چه صد گز چه یک نی چه صد نی	اصطلاح
a penny saved is a penny gained.	یک دینار پس انداز در حکم یک دینار درآمد است	اصطلاح
a person is know by the company he keeps.	بگو دوستت کیست تا بگویم کیستی	اصطلاح
a rolling stone gathers no moss.	تغییر دایمی در کار به موفقیت نمی‌انجامد	اصطلاح
a soft answer turneth away wrath.	به نرمی برآید زسوراخ، مار	اصطلاح
a sound mind in a sound body.	عقل سالم در بدن سالم است	اصطلاح
a still tongue makes a wise head.	زبان در دهان خردمند چیست کلید در گنج صاحب هنر	اصطلاح
a stitch in time saves nine .	سرچشمه شاید گرفتن به بیل چو پر شد نشاید گذشتن به پیل	اصطلاح
a willing horse is run to death.	خر هرچه بیشتر بار ببرد بیشتر بارش می‌کنند	اصطلاح
actions speak louder than words.	دوصد گفته چون نیم کردار نیست	اصطلاح
all is fair in love and war.	درعشق و جنگ همه کار جایز است	اصطلاح
all that glitters is not gold.	هر گردی گردو نیست	اصطلاح
all things come to him who waits.	صبر تلخ است ولیکن بر شیرین دارد	اصطلاح
an englishman's home is his castle.	هر کس به شهر خود شهریار است	اصطلاح
an ounce of precaution is worth a pound of cure.	جنگ اول به از صلح آخر است علاج واقعه قبل از وقوع باید کرد	اصطلاح
as well be hanged for a sheep as for a lamb.	آب که از سر گذشت، چه یک گز چه صد گز ما که کافریدیم، کافرتر	اصطلاح
as you make your bed so you must lie on it.	آنچه کنی بخود کنی گر همه نیک و بد کنی	اصطلاح
as you sowed so shall you reap.	از مکافات عمل غافل مشو گندم از گندم بروید جو ز جو	اصطلاح
beauty is but skin deep.	به حسنت مناز به یک تب بند است به مالت مناز به یک شب بند است	اصطلاح
beauty is in the eye of the beholder.	لیلی را به چشم مجنون باید دید علف بدهان بزی شیرین می‌آید	اصطلاح
better late than never.	دیر رسیدن بهتر از هرگز نرسیدن است	اصطلاح
between two stools one falls to the ground.	با یک دست دو هندوانه بر نتوان داشت	اصطلاح
birds of a feather flock together .	کبوتر با کبوتر، باز با باز کند هم جنس با هم جنس پرواز	اصطلاح
blood is thicker than water.	چراغی که به خانه رواست به مسجد حرام است خویشاوند مقدم بر دیگران است	اصطلاح
business is business.	برادری بجا، بزغاله یکی هفتصد دینار	اصطلاح
can the leopard change his spot	خوی بد طبیعتی که نشست نرود تا به وقت مرگ از دست	اصطلاح
care killed the cat.	غصه حتی نیرومندان را هم از پا درمی آورد	اصطلاح
carelessness brings its own punishment.	غفلت کیفر خود را ببار می‌آورد	اصطلاح
charity begins at home.	چراغی که به خانه رواست به مسجد حرام است	اصطلاح
christmas comes but once a year.	نوروز فقط سالی یکبار می‌آید	اصطلاح
cleanliness is next to godliness.	نظافت از ایمان است	اصطلاح
custom is a second nature.	ترک عادت موجب مرض است	اصطلاح
cut your coat according to your cloth.	پایت را باندازه گلیمت دراز کن	اصطلاح
dare to be true.	شجاع باش تا راستگو باشی	اصطلاح
dead men tell no tales.	سر بریده سخن نگوید	اصطلاح
discretion is the better part of valour.	بصیرت پایه شهامت است	اصطلاح
do as you wish to be done by.	آنچه بر خود نپسندی به دیگران مپسند	اصطلاح
do at rome as the romans do.	خواهی نشوی رسوا همرنگ جماعت شو	اصطلاح
don't count your chickens before they are hatched.	به دشت آهوی ناگرفته مبخش جوجه‌ها را آخر پاییز می‌شمارند	اصطلاح
drowning  man catches at a straw.	الغریق یتشبث بکل حشیش، غرقه بر هر گیاه خشک چنگ زند	اصطلاح
east west home's best.	هیچ جا بهتر از خانه خود آدم نمی‌شود هیچ نقطه در جهان بهتر از وطن نیست	اصطلاح
easy come easy go.	باد آورده را باد می‌برد	اصطلاح
empty vessels make the most noise .	طبل تهی سرو صدای فراوان دارد	اصطلاح
enough is as good as a feast.	خیرالامور اوسطها. آنچه کافی باشد طبق دلخواه است	اصطلاح
every cloud has a silver lining.	از پس هر گریه خنده ای است در نومیدی بسی امید است	اصطلاح
every dog has his day.	هر کسی پنج روزه نوبت اوست	اصطلاح
example is better than precept.	سرمشق بودن بهتر از امر و نهی است	اصطلاح
faint heart never won fair lady.	تا درد هجران نکشی به نعمت وصال نرسی	اصطلاح
familiarity breeds contempt.	اگر خواهی که با مقدار باشی مکن با کودک و با بچه بازی	اصطلاح
fools rush in where angels fear to tread.	احمق خود را به آب و آتش می‌زند	اصطلاح
fortune favours the brave.	هر که شمشیر زند خطبه به نامش خوانند	اصطلاح
god helps him who helps himself.	از تو حرکت، از خدا برکت	اصطلاح
god made the country and man made the town.	خداوند طبیعت را آفرید و آدمی شهر را	اصطلاح
god tempers the wind to the shorn lamb .	گرز خورند پهلوان است خدا کس بیکسان است	اصطلاح
half a loaf is better than no bread.	کاچی به از هیچی است	اصطلاح
handsome is as handsome does.	هر که را خلقش نکو نیکش شمر خواه از نسل علی خواه از عمر	اصطلاح
he laughs best who laughs last.	شاهنامه آخرش خوش است	اصطلاح
he runs with the hare and hunts with the fox .	شریک دزد و رفیق قافله است	اصطلاح
help a lame dog over a stile.	دوست آن باشد که گیرد دست دوست درپریشان حالی و درماندگی	اصطلاح
honesty is the best policy.	دوستی عین مصلحت است	اصطلاح
hunger is the best sauce.	کوفته را نان تهی کوفته است	اصطلاح
i ii  gotten gains seldom prosper.	مال نامشروع برکت ندارد	اصطلاح
if wishes were horses beggars would ride.	اگر را با مگر تزویج کردند از آنان بچه ای شد کاشکی نام	اصطلاح
in a calm sea every man is a pilot.	در دریای آرام همه کس ناخدا است	اصطلاح
in for a penny in for a pound.	آب که از سر گذشت، چه یک گز چه صد گز چه یک نی چه صد نی	اصطلاح
it is an ill bird that fouls its own nest.	بدگویی از خانه خود زشت است	اصطلاح
it is never too late to mend.	ضرر را از هرجا جلویش را بگیرند منفعت است ماهی را هر وقت از آب بگیری تازه است	اصطلاح
it never rains but it pours.	بلا وقتی می‌آید پشت سر هم می‌آید	اصطلاح
it's an ill wind that blows nobody any good.	آنکه خیری نرساند مرید شیطان است	اصطلاح
its bark is worse than its bite.	از آن نترس که‌های و هو دارد از آن بترس که سر بتو دارد	اصطلاح
kindness brings its own reward.	تو نیکی می‌کن و در دجله انداز که ایزد در بیابانت دهد باز	اصطلاح
laugh to - day and cry tomorrow.	از پس هر خنده آخر گریه ای است	اصطلاح
leave well alone.	در کار خیر حاجت هیچ استخاره نیست	اصطلاح
let bygones be bygones.	گذشت آنچه گذشت بر گذشته‌ها صلوات	اصطلاح
let sleeping dogs lie.	دنبال شر مرو. گفتم این فتنه است خوابش برده به	اصطلاح
like likes like.	کبوتر با کبوتر، باز با باز کند هم جنس با هم جنس پرواز	اصطلاح
little fellows are often great wits.	فلفل مبین چه ریزه بشکن ببین چه تیزه!	اصطلاح
little strokes fell great oaks.	پشه چو پر شد بزند پیل را. قطره قطره جمع گردد وانگهی دریا شود	اصطلاح
live and learn.	دنیا جای عبرت است	اصطلاح
look before you leap.	اول اندیشه وانگهی گفتار. گز نکرده پاره مکن	اصطلاح
make hay while the sun shines.	تا تنور گرم است باید نان پخت	اصطلاح
man proposes god disposes .	از تو حرکت، از خدا برکت	اصطلاح
many a true word is spoken in jest.	چه بسا که در شوخی حقیقتی نهفته است	اصطلاح
more haste less speed.	با شتابزدگی کار پیش نمی‌رود	اصطلاح
near is my skirt but nearer is my skin.	اول خویش بعد درویش چراغی که به خانه رواست به مسجد حرام است	اصطلاح
necessity is the mother of invention.	نیاز ما در اختراع است	اصطلاح
necessity knows no law.	آدم گرسنه ایمان ندارد	اصطلاح
never put off till to - morrow what you can do to - day.	کار امروز را به فردا مفکن	اصطلاح
no gains without pains.	نابرده رنج گنج میسر نمی‌شود	اصطلاح
no one cries  "stinking fish".	کس نگوید که دوغ من ترش است	اصطلاح
nothing venture nothing have.	مزد آن گرفت جان برادر که کار کرد	اصطلاح
once bit twice shy.	مارگزیده از ریسمان سیاه و سفید می‌ترسد	اصطلاح
one good turn deserves another.	پاداش نیکی نیکی است کاسه جایی رود که باز آرد قدح	اصطلاح
one is as bad as the other.	سگ زرد برادر شغال است	اصطلاح
one man's meat is another man's poison.	آنچه یکی را نوش دیگری را نیش است	اصطلاح
one scabbed sheep can mar a whole flock	یک بز گر گله را گرگین کند. چو در قومی یکی بی دانشی کرد نه که را منزلت ماند نه مه را	اصطلاح
one swallow does not make summer.	از یک پرستو تابستان نشود از یک گل بهار نمی‌شود	اصطلاح
out of debt out of danger.	از قرض دور، از بلا دور	اصطلاح
out of sight out of mind.	از دل برود هر آنکه از دیده برفت	اصطلاح
out of the frying pan into the fire.	از چاه در آمدن و در چاله افتادن	اصطلاح
practice makes perfect.	کار نیکو کردن از پر کردن است	اصطلاح
practice what you preach.	واعظ غیر متعظ مباش	اصطلاح
prevention is better than cure.	علاج واقعه قبل از وقوع باید کرد	اصطلاح
pride goes before a fall.	غرور مقدمه سقوط است	اصطلاح
rome was not built in a day.	کارها با صبر و شکیبایی درست می‌شود	اصطلاح
second thoughts are best.	تامل و اندیشه در هر کاری روا است	اصطلاح
slow and steady wins the race.	فلفل مبین چه ریزه!	اصطلاح
spare the rod and spoil the child.	تا نباشد چوب‌تر فرمان نبرد گاو و خر. استاد و معلم چو بود کم آزار خرسک بازند کودکان در بازار	اصطلاح
still waters run deep.	او آب زیر کاه است	اصطلاح
strike while the iron is hot.	تا تنور گرم است باید نان پخت	اصطلاح
sufficient for the day is the evil thereof.	چو فردا شود فکر فردا کنیم	اصطلاح
take care of the pennies and the pounds take care of  themselves.	قطره قطره جمع گردد وانگهی دریا شود. اسب تازی دو تک رود بشتاب شتر آهسته می‌رود شب و روز	اصطلاح
talk of the devil and he is sure to appear.	چو نام سگ بری چوبی بدست آر تا موی سرش را آتش زنند ظاهر شود	اصطلاح
the early bird catches the worm.	سحر خیز باش تا کامروا باشی	اصطلاح
the game is not worth the candle.	آفتهبه خرج لحیم است	اصطلاح
the grapes are sour.	گربه دستش بگوشت نرسید گفت گنده است. به کچل گفتند چرا مو نمی‌گذاری گفت از زلف بدم می‌آید	اصطلاح
the more haste the less speed.	عجله کار شیطان است. تعجیل موجب تعطیل است	اصطلاح
the more you go the more you know.	دانش زاییده تحرک است	اصطلاح
the pot ca lis the kettle black.	دیگ به دیگ گوید رویت سیاه	اصطلاح
the proof of the puddinq is in the eating.	حلوای تن تنانی تا نخوری ندانی کاری که نتیجه اش نیک باشد نیک است	اصطلاح
the wearer knows where the shoe pinches.	هر کسی مصلحت خویش نکو می‌داند	اصطلاح
the wish is the father to the thought.	هر چه انسان آرزو کند همان را باور می‌کند	اصطلاح
there are wheels within wheels.	زیر کاسه، نیم کاسه ایست	اصطلاح
there is many a slip between the cup and the lip .	از این ستون به آن ستون فرج است	اصطلاح
there is no rose without a thorn.	گل بی خار نچیده است کسی	اصطلاح
there is no smoke without fire.	تا نباشد چیزکی مردم نگویند چیزها	اصطلاح
there is nothing like leather.	هر که نقش خویش بیند در آب	اصطلاح
there is something in the wind.	زیر این کاسه، نیم کاسه است	اصطلاح
they who live in glass-houses should not throw stones .	آنچه بخود نپسندی به دیگران مپسند	اصطلاح
time and tide wait for no man.	زمان و زمانه به خاطر کسی از گردش نمی‌ایستد	اصطلاح
time is gold .	وقت طلا است	اصطلاح
to be forewarned is to be forearmed.	آگاهی از خطر در حکم آمادگی برای خطر است	اصطلاح
too many cooks spoil the broth.	ماما که دو تا شد سر بچه کج بیرون می‌آید آشپز که دو تا شد آش یا شور است یا بیمزه	اصطلاح
travellers tell fine tales.	جهاندیده بسیار گوید دروغ	اصطلاح
two heads are better than one.	یک دست صدا ندارد	اصطلاح
union is strength.	قوت در وحدت است. مورچگان را چو بود اتفاق شیر ژیان را بدرانند پوست	اصطلاح
walls have ears.	دیوار موش دارد موش هم گوش دارد	اصطلاح
well begun is half done.	سالی که نکوست از بهارش پیداست	اصطلاح
when you are in rome do as the romans do.	خواهی نشوی رسوا همرنگ جماعت شو	اصطلاح
where there's a will there's a way.	خواستن توانستن است	اصطلاح
while the grass grows the cow starves.	بزک نمیر بهار می‌آید	اصطلاح
while there's life there's hop.	تا تریاق از عراق آرند مار گزیده مرده باشد	اصطلاح
why do you cast pearls before swine	خر چه داند قیمت نقل و نبات ؟	اصطلاح
you are carrying coals to newcastle.	زیره به کرمان می‌بری ؟	اصطلاح
you can't eat your cake and have it.	نمی شود هم خدا و هم خرما را بخواهی	اصطلاح
you must lie on the bed you have made.	خود کرده را درمان نیست	اصطلاح
abt	About، درباره، در رابطه با	اسلنگ و گیمینگ
adn	Any Day Now، هر روز که شد	اسلنگ و گیمینگ
afaik	As Far As I Know، بیشتر از اونکه من بدونم	اسلنگ و گیمینگ
afk	Away From Keyboard، دور از صفحه کلید، یعنی فعلا می‌خوام برم	اسلنگ و گیمینگ
afn	That's All For Now	اسلنگ و گیمینگ
aka	Also Know As، همچنین میدونم که	اسلنگ و گیمینگ
amf	Adios Mother Fucker، خداحافظ مادر جنده	اسلنگ و گیمینگ
aoas	All Of A Sudden، همه ماجرا این بود	اسلنگ و گیمینگ
asap	As Soon Possible، در اسرع وقت	اسلنگ و گیمینگ
asl	Age Sex Location، سن جنسیت و مکان شما چیست، یعنی مشخصاتت رو بگو، خودت رو معرفی کن	اسلنگ و گیمینگ
atb	All The Best، همه چیز عالی است	اسلنگ و گیمینگ
atm	At The Moment، سر وقت	اسلنگ و گیمینگ
atw	At The Weekent، اخر هفته	اسلنگ و گیمینگ
b	Be، بودن، Born، متولد	اسلنگ و گیمینگ
b c	Because، زیرا، چون	اسلنگ و گیمینگ
b day	Birthday، روز تولد	اسلنگ و گیمینگ
b l	Buddy List، لیست دوستان	اسلنگ و گیمینگ
b4	Before، قبل از	اسلنگ و گیمینگ
b4n	Bye For Now، فعلا خداحافظ	اسلنگ و گیمینگ
bazrafkan	نام: حسین، نام خانوادگی: بذرافکن، پست الکترونیک: Bazrafkan68@Gmail. Com	اسلنگ و گیمینگ
bb	Be Back، برمیگردم	اسلنگ و گیمینگ
bbb	Bye Bye Baby، خداحافظ کوچولو، خداحافظ عزیزم	اسلنگ و گیمینگ
bbfn	Bye Bye For Now، فعلا خداحافظ	اسلنگ و گیمینگ
bbiab	Be Back In A Bit، فورا بر می‌گردم	اسلنگ و گیمینگ
bbn	Bye Bye Now، فعلا خداحافظ	اسلنگ و گیمینگ
bbs	Be Back Soon، به زودی بر می‌گردم	اسلنگ و گیمینگ
bcnu	Bee Seein' You، به زودی می‌بینمت	اسلنگ و گیمینگ
beg	Big Evil Grin، خنده شیطانی	اسلنگ و گیمینگ
bf	Boy Friend، دوست پسر	اسلنگ و گیمینگ
bffae	Best Friend Forever And Ever، بهترین دوستان برای همیشه و همه وقت	اسلنگ و گیمینگ
bfn	Bye For Now، فعلا خداحافظ	اسلنگ و گیمینگ
bka	Best Known As، برای مثال برای اون، بهترین چیزی که به نظر میرسه	اسلنگ و گیمینگ
bnscd	But Now Something Completely Different، اما کاملا متفاوت به نظر میاد	اسلنگ و گیمینگ
boin	Believe It Or Not، باور بکنی یا نه	اسلنگ و گیمینگ
bout	About، درباره	اسلنگ و گیمینگ
btdt	Been There	اسلنگ و گیمینگ
byca	Before You Came Along، قبل از این که شما بیایی	اسلنگ و گیمینگ
bz	Busy، مشغول	اسلنگ و گیمینگ
c	see، دیدن	اسلنگ و گیمینگ
cadillace	سخت نگیر، آرام باش، ریلکس باش	اسلنگ و گیمینگ
cam	A Web Camera، دوربین مخصوص اتصال به شبکه وب که به وب کم معروف است	اسلنگ و گیمینگ
chat	Chat، گپ زدن، ارتباط مسقیم در اینترنت و انجام صحبت‌های مستقیم و زنده در ارتباط با موضوع اتاق چت	اسلنگ و گیمینگ
cm	Call Me، با من تماس بگیر	اسلنگ و گیمینگ
cmiiw	Correct Me If I'M Wrong، اگه اشتباه می‌کنم درست کن	اسلنگ و گیمینگ
cmm	Change d My Mind، فکرم یا نظرم برگشت	اسلنگ و گیمینگ
comp	Computer، کامپیوتر	اسلنگ و گیمینگ
conv	Conversation، محاوره ای	اسلنگ و گیمینگ
cr	Chat Room	اسلنگ و گیمینگ
ctp	Cutie Pie	اسلنگ و گیمینگ
cu	See You، تو را خواهم دید، به امید دیدار	اسلنگ و گیمینگ
cuial	See You In Another Live، دیدار به قیامت	اسلنگ و گیمینگ
cul	See You Later، بعدا می‌بینمت	اسلنگ و گیمینگ
cul8r	See You Later، بعدا می‌بینمت	اسلنگ و گیمینگ
cuttl	Crawling Under The Table Laughing، از خنده ولو شدم روی زمین	اسلنگ و گیمینگ
cuz	Because، چون، زیرا	اسلنگ و گیمینگ
cya	See You، See Ya، می بینمت، به امید دیدار	اسلنگ و گیمینگ
cyber	A Prefix Used In A Growing Number Of Term To Describe New Things That Are Being Made Possibly By The Spread OF Computers، کلمه ای که کلمات دیگر را به رابطه آن‌ها با کامپیوتر نسبت می‌دهد. در ضمن برای مسایل جنسی بین دو نفر چت کننده نیز کاربرد دارد، سکس آن لاین	اسلنگ و گیمینگ
cyl	See you Later، بعدا می‌بینمت، به امید دیدار	اسلنگ و گیمینگ
cyl8r	See you Later، بعدا می‌بینمت، به امید دیدار	اسلنگ و گیمینگ
cym	Change your Mind، نظرت رو عوض کن	اسلنگ و گیمینگ
d l	Download	اسلنگ و گیمینگ
dc	Disconnect، قطع شدن از اینترنت	اسلنگ و گیمینگ
diff	Different، متفاوت	اسلنگ و گیمینگ
diku	Do I Know You?، آیا من شما را میشناسم؟	اسلنگ و گیمینگ
dint	Didn't	اسلنگ و گیمینگ
dl	Download، دانلود	اسلنگ و گیمینگ
dltbbb	Don't Let The Bed Bugs Bite، خوب بخوابی، خواب خوشی داشته باشی	اسلنگ و گیمینگ
dont	Don't	اسلنگ و گیمینگ
dqmot	Don't Quote Me On This، از من نشنیده بگیر	اسلنگ و گیمینگ
dunno	Don't Know	اسلنگ و گیمینگ
duz	Does	اسلنگ و گیمینگ
duznt	Doesn't	اسلنگ و گیمینگ
dwb	Dont Write Back، پاسخ را ننویس	اسلنگ و گیمینگ
dwit	Dimwit، احمق و کودن	اسلنگ و گیمینگ
e1	Everyone، هرکی، یه نفر	اسلنگ و گیمینگ
eg	Evil Grin، خنده شیطانی	اسلنگ و گیمینگ
ema	E، Mail Address، آدرس ایمیل	اسلنگ و گیمینگ
emsg	Email Message، پیغام ایمیل	اسلنگ و گیمینگ
eom	End Of Message، پایان پیغام	اسلنگ و گیمینگ
esad	Eat Shit And Die Fithing Words!، بخور برین و بمیر، این عبارت برای فحش دادن و ناسزا به کار می‌رود	اسلنگ و گیمینگ
every1	Everyone، هر کی، یه نفر	اسلنگ و گیمینگ
evry	Every، هر	اسلنگ و گیمینگ
evry1	Everyone، هر کی، یه نفر	اسلنگ و گیمینگ
f	Female، زن، مونث	اسلنگ و گیمینگ
f2f	Face To Face، رو در رو، همدیگر را ببینیم	اسلنگ و گیمینگ
fanks	Thanks، متشکرم	اسلنگ و گیمینگ
fc	Fingers Crossed، دعا کردن	اسلنگ و گیمینگ
fomclol	Fell Off My Chair Laughing Out Loud، از خنده ولو شدم شدم روی زمین، خیلی خندیدم	اسلنگ و گیمینگ
fts	Fuck That Shit	اسلنگ و گیمینگ
fu	Follow Up، دنبال کردن	اسلنگ و گیمینگ
fubar	Fowled Up Beyond Recognition، پی روی بدون شناخت	اسلنگ و گیمینگ
fx	Effects، افکت، اثر	اسلنگ و گیمینگ
fyi	For Your Information، جهت اطلاع شما	اسلنگ و گیمینگ
g2g	Got To Go، میخواهم بروم	اسلنگ و گیمینگ
g2gp	Got To Go Pee	اسلنگ و گیمینگ
gat	Get A Life، جان گرفتن	اسلنگ و گیمینگ
gb	Goodbye، خداحافظ	اسلنگ و گیمینگ
gf	Girl Friend، دوست دختر	اسلنگ و گیمینگ
gfak	Go Fly a Kite، برو بادبادک بازیتو بکن، برو کشکت رو بساب	اسلنگ و گیمینگ
gfn	Gone For Now، فعلا میروم	اسلنگ و گیمینگ
gg	Good Game، بازی خوبی بود، Gotta Go، می خواهم بروم	اسلنگ و گیمینگ
giaug	Give It All You Got، هر جور می‌خواهی فکر کن	اسلنگ و گیمینگ
giayg	Give It All you got، هر جور می‌خواهی فکر کن	اسلنگ و گیمینگ
gimme	Give Me، به من بده	اسلنگ و گیمینگ
gj	Good Job، کار باحال	اسلنگ و گیمینگ
gjp	Good Job Parthner	اسلنگ و گیمینگ
gl	Good Luck، خوش باشی، موفق باشی	اسلنگ و گیمینگ
gmta	Great Minds Think Alike، مردان بزرگ مثل هم فکر می‌کنن	اسلنگ و گیمینگ
gn	Good Night، شب خوش	اسلنگ و گیمینگ
go2	Go To، بر به	اسلنگ و گیمینگ
goin	Going، رفتن	اسلنگ و گیمینگ
gol	Giggling Out Loud، با صدای بلند و خنده دار خندیدن	اسلنگ و گیمینگ
gonna	Going To، رفتن به	اسلنگ و گیمینگ
gotcha	Got You، گرفتمت، میفهمم چی میگی	اسلنگ و گیمینگ
gr8	Great، بزرگ	اسلنگ و گیمینگ
gtaw	Go Take A Walk، می خوام برم	اسلنگ و گیمینگ
gtg	Got To Go، میخوام برم	اسلنگ و گیمینگ
gtsy	Glad To See You، از دیدن شما خوشحال شدم	اسلنگ و گیمینگ
h	Hug، در آغوش گرفتن	اسلنگ و گیمینگ
h o	Hold On، نگهداری از	اسلنگ و گیمینگ
hack	هک، به آسیب دیدن توسط هکرها گفته می‌شود	اسلنگ و گیمینگ
hacker	Some ONe Who Experiments With Computer Software To See What It Does Or A Man Who Seeks To Arrogate Power To Himself Or Destroy The Computer Systems Of Other Users، هکر فرد توانایی در برنامه‌های کامپیوتری و مخصوصا در اینترنت است که گاهی برای اثبات توانایی خویش اقدام به خراب کردن و آسیب رساندن یا دست کم نفوذ به کامپیوتر و اطلاعات دیگران می‌نمایند	اسلنگ و گیمینگ
hafta	Have To، داشتن	اسلنگ و گیمینگ
hak	Hug And Kiss، بوسه زدن و بغل کردن	اسلنگ و گیمینگ
hb	Hurry Back، زود برگرد	اسلنگ و گیمینگ
hfs	Holy Fucking Shit	اسلنگ و گیمینگ
hltc	Has Left The Chat، چت را ترک رکده	اسلنگ و گیمینگ
hmwrk	Homework، کار خونه، تکلیف شب	اسلنگ و گیمینگ
hos	Husband Over Shoulder، شوهرم بالا سرمه، خانوادگی هستیم	اسلنگ و گیمینگ
hru	How Are You، حالت چطوره	اسلنگ و گیمینگ
ht	Hi There، سلام	اسلنگ و گیمینگ
hud	How You Doing?، شما چطور این کار رو انجام میدین؟	اسلنگ و گیمینگ
hug	Embrage، در آفوش گرفتن و بغل کردن	اسلنگ و گیمینگ
hw	Homework، کارخونه، تکلیف شب	اسلنگ و گیمینگ
iae	In Any Event، در هر صورت	اسلنگ و گیمینگ
ianal	I am not a lawyer، مخ نیستم، ملا نیستم	اسلنگ و گیمینگ
ibyp	I Beg Your Pardon، ببخشید، از شما پوزش می‌خواهم	اسلنگ و گیمینگ
ic	I See، فهمیدم، دیدم	اسلنگ و گیمینگ
id	Identification، هویت، E، Mail	اسلنگ و گیمینگ
idk	I Don't know، نمیدونم	اسلنگ و گیمینگ
iirc	If I Remember Correctly، اگه درست یادم باشه	اسلنگ و گیمینگ
ilu	I Love You، دوستت دارم	اسلنگ و گیمینگ
ily	I Love You، دوستت دارم، عاشقت هستم	اسلنگ و گیمینگ
im	I'm، من هستم، IM=Instant Messenger، پیغام فوری، نرم افزار چت کردن	اسلنگ و گیمینگ
imao	In My Arrogant Opinion، جسارتا عرض کنم که	اسلنگ و گیمینگ
imho	In My Humble Opinion	اسلنگ و گیمینگ
imo	In My Opinion، به نظر بنده، نظر من این است که	اسلنگ و گیمینگ
ims	I'm Sorry، متاسفم	اسلنگ و گیمینگ
inet	Internet، اینترنت	اسلنگ و گیمینگ
iono	I Don't Know، نمیدونم	اسلنگ و گیمینگ
iou	I Owe You، من به شما مدیونم	اسلنگ و گیمینگ
iow	In Other Words، به بیان دیگه	اسلنگ و گیمینگ
irl	In Real Life، در زندگی حقیقی	اسلنگ و گیمینگ
isn	Is An	اسلنگ و گیمینگ
itz	Its Or It's	اسلنگ و گیمینگ
j k	Joking، مسخره کردن، مسخره بازی، مسخره ای	اسلنگ و گیمینگ
j p	Just Playing، فقط بازی	اسلنگ و گیمینگ
jas	Just A Second، فقط یه ثانیه، فقط یه لحظه	اسلنگ و گیمینگ
jc	Just Chillin، خیط شدی	اسلنگ و گیمینگ
jk	just Kidding، خیط شدی	اسلنگ و گیمینگ
jtlyk	Just To Let You Know	اسلنگ و گیمینگ
jw	Just Wondering	اسلنگ و گیمینگ
k	OK	اسلنگ و گیمینگ
k2al8r	Talk To You Later، بعدا به تو می‌گویم	اسلنگ و گیمینگ
k2ul8r	Talk To You Later، بعدا با شما صحبت می‌کنم	اسلنگ و گیمینگ
kewl	Cool!، خیط	اسلنگ و گیمینگ
kinda	Kind Of، انواع	اسلنگ و گیمینگ
kit	Keep In Touck، در تماس باش	اسلنگ و گیمینگ
knim	Know What I Mean، آیا فهمیدی من چی میگم، ایا منظورم را فهمیدی	اسلنگ و گیمینگ
kno	Know، دانستن	اسلنگ و گیمینگ
koc	Kiss On Cheek، بوسه بر گونه	اسلنگ و گیمینگ
kol	kiss On Lips، بوسه روی لبها زدن	اسلنگ و گیمینگ
kool	Cool، سرد، خیط و خنک	اسلنگ و گیمینگ
kotc	Kiss On The Cheek، بوسه از چانه	اسلنگ و گیمینگ
l	Lough، خنده	اسلنگ و گیمینگ
l2s	Laughing To Self، بخ خودم خندیدم	اسلنگ و گیمینگ
l8	Late، دیر، تاخیر	اسلنگ و گیمینگ
l8r	Later، دیرتر	اسلنگ و گیمینگ
lag	The Intertval Of Time Between The Transmisson Of A Mesage And Its Reception By A User، تاخیری بین زمان ارسال پیغام تا دریافت آن توسط گیرنده	اسلنگ و گیمینگ
lala	توالت، برو بخواب فقط فارسی	اسلنگ و گیمینگ
lasa	Loser، بازنده	اسلنگ و گیمینگ
lemme	Let Me، اجازه بده به من	اسلنگ و گیمینگ
lma	Leave Me Alone، منو تنها بذار، ولم کن	اسلنگ و گیمینگ
lmao	Laughing My Ass Off	اسلنگ و گیمینگ
lol	Lots Of Laughs Or Laughing Out Load، خندیدن با صدای بلند یا خیلی خندیدن	اسلنگ و گیمینگ
lotza	Lots Of، مقدار زیادی از	اسلنگ و گیمینگ
lshih	Laughing So Hard It Hurts، به شدت خندیدن	اسلنگ و گیمینگ
ltns	Long Time No See، خیلی وقته ندیدمت	اسلنگ و گیمینگ
ltr	Latter، بعدا	اسلنگ و گیمینگ
lulab	Love You Like Brother، تو را مانند برادر دوست دارم	اسلنگ و گیمینگ
lulas	Love You Like Sister، تو را مانند خواهر دوست دارم	اسلنگ و گیمینگ
ly	Love Ya، دوستت دارم، عاشقت هستم	اسلنگ و گیمینگ
lyf	Love You Forever، برای همیشه دوستت دارم	اسلنگ و گیمینگ
lylab	Love You Like A brother، مثل برادر دوستت دارم، به چشم برادری دوستت دارم	اسلنگ و گیمینگ
lylas	Love You Like A Sister، مثل خواهر دوستت دارم، به چشم خواهری دوستت دارم	اسلنگ و گیمینگ
m	Am	اسلنگ و گیمینگ
m b	My Bad	اسلنگ و گیمینگ
m8	Mate، همسر، رفیق، جفتگیری، شاه مات کردن	اسلنگ و گیمینگ
mbn	Must Be Nice، باید جالب باشه	اسلنگ و گیمینگ
me2	Mee Too، من هم	اسلنگ و گیمینگ
mer30	Mercy، مرسی، متشکرم	اسلنگ و گیمینگ
mia	Missing In Action، اشکال در کار	اسلنگ و گیمینگ
min	Minute، لحظه، دقیقه	اسلنگ و گیمینگ
mofo	Mother Fucker، ننه جنده	اسلنگ و گیمینگ
morf	Male Or Female، مذکری یا مونث، مردی یا زن	اسلنگ و گیمینگ
msg	Message، پیغام	اسلنگ و گیمینگ
mtg	Meeting، میتینگ، دیدار، جلسه، مهمانی	اسلنگ و گیمینگ
myob	Mind Your Own Business، به فکر کار خودت باش	اسلنگ و گیمینگ
mys	Miss You So، فراموشت میکنم	اسلنگ و گیمینگ
n	In Or And Depending On Context، به معنی در یا و به کار می‌رود، No، نه، خیر	اسلنگ و گیمینگ
n m	Not Much، زیاد نیست	اسلنگ و گیمینگ
n2cu	Nice To See You، از دیدن شما خوشحال شدم	اسلنگ و گیمینگ
n2n	Nice To Know، خوبه بدونی	اسلنگ و گیمینگ
ndbwy	Nice Doing Business with You، از کار با شما خوشحالم	اسلنگ و گیمینگ
ne	Any، هر	اسلنگ و گیمینگ
ne1	Anyone، هر کسی	اسلنگ و گیمینگ
nehow	Anyhow، در هر صورت	اسلنگ و گیمینگ
nemore	Anymore، بیش از این ها	اسلنگ و گیمینگ
nething	Anything، هر چیزی	اسلنگ و گیمینگ
netiot	A Net Idoit، احمق شبکه، کسی که باعث مزاحمت برای بقیه می‌شود	اسلنگ و گیمینگ
neway	Anyway، در هر صورت، به هر حال	اسلنگ و گیمینگ
newbie	A Person Who Is New To IRC Or Internet، فرد تازه کار یا تازه وارد به چت یا اینترنت	اسلنگ و گیمینگ
nfl	Not fucking likely، احتمال گاییدن نیست	اسلنگ و گیمینگ
nfw	Not fucking way، راه گاییدن نیست	اسلنگ و گیمینگ
nm	Never Mind، فکرشو نکن	اسلنگ و گیمینگ
nn	Nothing's New، همه چیز قدیمی هست	اسلنگ و گیمینگ
no1	No One، هیچ کس	اسلنگ و گیمینگ
np	No Problem، مسیله ای نیست	اسلنگ و گیمینگ
ns	No Shit	اسلنگ و گیمینگ
ntmu	Nice To Meet You، از دیدن شما خوشحالم	اسلنگ و گیمینگ
nuffin	Nothing، هیچی	اسلنگ و گیمینگ
nuke	To Use Software Loopholes Or FLooding To Disconnect another Users Or To Do Hatm To A Lokal Operating System Through IRC، بیرون کردن یا آسیب زدن به یک نفر از طریق چت و یا استفاده از برنامه ای خاص برای قطع کردن دیگران از ارتباط با چت	اسلنگ و گیمینگ
nutn	Nothing، هیچی	اسلنگ و گیمینگ
nv	Envy، حسادت	اسلنگ و گیمینگ
nvm	Never Mind، فکرشو نکن	اسلنگ و گیمینگ
nw	Network، شبکه	اسلنگ و گیمینگ
offline	خاموش، بیرون، خارج از خط	اسلنگ و گیمینگ
oic	Oh	اسلنگ و گیمینگ
omg	Oh My Gosh، Oh My God، اوه خدای من	اسلنگ و گیمینگ
omigosh	Oh My Gosh	اسلنگ و گیمینگ
online	روشن، روی خط	اسلنگ و گیمینگ
otns	Long Time No See، خیلی وقته ندیدمت	اسلنگ و گیمینگ
otoh	On The Other Hand، از طرف دیگر	اسلنگ و گیمینگ
outta	Out Of، خارج از	اسلنگ و گیمینگ
pa	Per Annum، هر ساله	اسلنگ و گیمینگ
paw	Parents Are Watching، خانواده دارن نگاه می‌کنن، ما خانوادگی هستیم	اسلنگ و گیمینگ
persian	Language Of Iranian's، زبان ایرانی ها، فارسی	اسلنگ و گیمینگ
pfm	Please Forgive Me، لطفا مرا ببخش	اسلنگ و گیمینگ
pic	Picture، تصویر، عکس	اسلنگ و گیمینگ
pix	Picture، تصویر، عکس	اسلنگ و گیمینگ
plmk	Please Let Me Know، لطفا به من هم بگو، اجازه بده من هم بدونم	اسلنگ و گیمینگ
pls	Please، لطفا	اسلنگ و گیمینگ
plz	Please، لطفا	اسلنگ و گیمینگ
pm	Private Message، پیغام‌های که بین دو کاربر در چت ردو بدل می‌شود	اسلنگ و گیمینگ
pmp	Pee My Pants	اسلنگ و گیمینگ
po	توالت همراه، قصری	اسلنگ و گیمینگ
poof	Has Left The Chat، چی را ترک کرده	اسلنگ و گیمینگ
porn	ادبیا یا نمایش یا عکس و اعمال جنسی	اسلنگ و گیمینگ
pos	Parent Over Shoulder، بابام بالای سرم ایستاده، خانوادگی هستیم	اسلنگ و گیمینگ
ppl	People، مردم، انسان ها	اسلنگ و گیمینگ
ppr	Paper، کاغذ	اسلنگ و گیمینگ
priv	Private Chat، چت خصوصی یا ارسال پیام خصوصی	اسلنگ و گیمینگ
prob	Problem، مسیله، مشکل	اسلنگ و گیمینگ
probly	Probably، شاید	اسلنگ و گیمینگ
prolly	Probably، شاید	اسلنگ و گیمینگ
puter	Computer، کامپیوتر	اسلنگ و گیمینگ
pvt	Private Chat، ارسال پیام خصوصی در چت	اسلنگ و گیمینگ
q.	Question، سوال	اسلنگ و گیمینگ
qt	Cutie، سوال	اسلنگ و گیمینگ
ques	Question، سوال	اسلنگ و گیمینگ
r	Are، هستید	اسلنگ و گیمینگ
rbay	Right Back At You، برمی گردم پیشت	اسلنگ و گیمینگ
rem	Remember، به خاطر بسپار	اسلنگ و گیمینگ
rm	Room، اتاق	اسلنگ و گیمینگ
rnt	Aren't، نیست	اسلنگ و گیمینگ
rofl	Rolling On Floor Laughing، از خنده روی زمین ولو شدم	اسلنگ و گیمینگ
roflmao	Rolling On Floor Laughing My Ass Off، از خنده روی زمین ول شدم بی خیال شو	اسلنگ و گیمینگ
rotfl	Rolls On The floor Laughing، از خنده روی زمین غلط زدن	اسلنگ و گیمینگ
rtfm	Read the fucking manual	اسلنگ و گیمینگ
rtsm	Read The Stupid Manual، کتاب راهنمای احمق‌ها را بخوان، این عبارت برای تازه کارها به کار میرود یعنی خیلی جوجه ای	اسلنگ و گیمینگ
s	Smile، لبخند	اسلنگ و گیمینگ
sds	Sweet Dreams، رویای شیرین، خیال خام	اسلنگ و گیمینگ
sec	Second، ثانیه	اسلنگ و گیمینگ
sete	Smiling Ear To Ear، نیشم تا بناگوش بازه	اسلنگ و گیمینگ
sexy	سکس، شهوت انگیز، دارای تمایلات جنسی، دارای احساسات شهوانی	اسلنگ و گیمینگ
shy	تجربه، آزمایش، آمتحان، دست انداختن و متلک گفتن، سرزنش کردن، شماتت کردن، طعنه زدن، هو کردن، نیشخند	اسلنگ و گیمینگ
sk8ing	Skating، به شوخی یعنی گمشو	اسلنگ و گیمینگ
slang	اصطلاح	اسلنگ و گیمینگ
slm	Salam، سلام	اسلنگ و گیمینگ
smh	Shaking My Head، سرم را به علامت تایید دارم تکان می‌دهم	اسلنگ و گیمینگ
smhof	Set My Heart On Fire، قلبم را سوزاندی	اسلنگ و گیمینگ
sn	Screen Name، اسم ظاهری	اسلنگ و گیمینگ
snail mail	Normal Or Regular Post. Post Office، پست حلزونی یعنی پست معمولی که خیلی کند و دیر به مقصد می‌رسد در مقایسه با پست الکترونیک	اسلنگ و گیمینگ
sol	Shit Out Of Luck	اسلنگ و گیمینگ
some1	Someone، یک نفر	اسلنگ و گیمینگ
sorta	Sort Of، تقریبا، نسبتا	اسلنگ و گیمینگ
sos	Same Old Shit	اسلنگ و گیمینگ
spam	Unwanted Advertisement For Web Sites Or Products Particular Delivered In Private، نامه‌ها یا پیام‌های ناخواسته ای که اغلب از طریق ایمیل با افراد فرستاده می‌شود و اغلب تبلیغاتی و مزاحم می‌باشند	اسلنگ و گیمینگ
spoz	Suppose، فرض کردن	اسلنگ و گیمینگ
spoz2	Supposed To، فرض کرد که	اسلنگ و گیمینگ
spoz2b	Supposed To Be، فرض کن که بشود	اسلنگ و گیمینگ
sry	Sorry، متاسفم	اسلنگ و گیمینگ
ss	So Sorry، خیلی متاسفم	اسلنگ و گیمینگ
ssdd	Same Shit	اسلنگ و گیمینگ
stfu	Shut The Fuck Up، خفه شو	اسلنگ و گیمینگ
str8	Strait، تنگنا	اسلنگ و گیمینگ
su	Shut Up، خفه شو	اسلنگ و گیمینگ
sul	See You Later، بعدا شما را میبینم، به امید دیدار	اسلنگ و گیمینگ
sup	What's Up، کی اومد بالا، شما کی هستید، چه کاره ای	اسلنگ و گیمینگ
syah	Sending You A Hug، شما را در آغوش می‌گیرم	اسلنگ و گیمینگ
syak	Sending You A Kiss، شما را می‌بوسم	اسلنگ و گیمینگ
syl8tr	See You Later، بعدا می‌بینمت	اسلنگ و گیمینگ
sys	See You Soon، به زودی می‌بینمت	اسلنگ و گیمینگ
ta	Thank You، متشکرم	اسلنگ و گیمینگ
tanx	Thanks، متشکرم	اسلنگ و گیمینگ
tc	Take Care، مراقب باش	اسلنگ و گیمینگ
thanx	Thanks، متشکرم	اسلنگ و گیمینگ
thatz	That's، آن هست	اسلنگ و گیمینگ
tho	Though، گرچه، به هر حال	اسلنگ و گیمینگ
thx	Thanks، متشکرم	اسلنگ و گیمینگ
tnt	Till Next Time، تا دفعه بعد	اسلنگ و گیمینگ
tnx	Thanks، متشکرم	اسلنگ و گیمینگ
toy	Thinking Of You، به فکر شما هستم	اسلنگ و گیمینگ
tp	Toilet Paper، کاغذ توالت	اسلنگ و گیمینگ
tq	Tank You، متشکرم	اسلنگ و گیمینگ
tt4n	Ta Ta For Now، به خاطر این از شما متشکرم	اسلنگ و گیمینگ
ttfn	Ta Ta For Now، به خاطر این از شما متشکرم	اسلنگ و گیمینگ
ttyl	Talk To You Later، بعدا با شما تماس می‌گیرم	اسلنگ و گیمینگ
tu	Tank You، متشکرم	اسلنگ و گیمینگ
twb4u	That Was Before You، اون قبل از شما بود، نوبت اونه	اسلنگ و گیمینگ
ty	Thank You، متشکرم	اسلنگ و گیمینگ
u	You، شما	اسلنگ و گیمینگ
u'd	You Would	اسلنگ و گیمینگ
ul	Upload or Uploading، آپلود کردن، بالا فرستاند	اسلنگ و گیمینگ
ull	You Will	اسلنگ و گیمینگ
uni	Univercity، دانشگاه	اسلنگ و گیمینگ
ur	Your Or You're، مال شما، مربوط به شما	اسلنگ و گیمینگ
urself	Yourself، خودت	اسلنگ و گیمینگ
vip	Very Imprtant Person، آدم خیلی مهم، آدم متشخص	اسلنگ و گیمینگ
vn	Very Nice، خیلی جالب، خیلی زیبا	اسلنگ و گیمینگ
vv	Vice Versa	اسلنگ و گیمینگ
w	With، با	اسلنگ و گیمینگ
w e	Whatever، هر چی	اسلنگ و گیمینگ
w o	Without، بدون	اسلنگ و گیمینگ
w8	Wait، صبر کن	اسلنگ و گیمینگ
wadup	What's Up?، کی اومده بالا، شما کی هستید، مشخصاتت چیه	اسلنگ و گیمینگ
wanna	Want To، می خواهم فلان کار را انجام بدهم	اسلنگ و گیمینگ
wass^	What's Up، کی اومده بالا، شما کی هستید، مشخصاتت چیه	اسلنگ و گیمینگ
wassup	What's Up، کی اومده بالا، شما کی هستید، مشخصاتت چیه	اسلنگ و گیمینگ
wazzup	What's Up، کی اومده بالا، شما کی هستید، مشخصاتت رو بگو	اسلنگ و گیمینگ
wb	Welcome Back، خوش اومدی	اسلنگ و گیمینگ
wbs	Write Back Soon، زود پاسخ را بنویس	اسلنگ و گیمینگ
wdp	Well Done Partner	اسلنگ و گیمینگ
weg	Wicked Evil Grin، نابکار شریر مسخره	اسلنگ و گیمینگ
w-end	Weekend، آخر هفته	اسلنگ و گیمینگ
whatz	What's، چیست	اسلنگ و گیمینگ
whoz	Who is، کیه	اسلنگ و گیمینگ
wnwu	What's New With You، چه خبرها	اسلنگ و گیمینگ
wos	Wife Over Shoulder، خانومم بالا سرمه، خانوادگی هستیم	اسلنگ و گیمینگ
wru	Who Are You?، شما کی هستید؟	اسلنگ و گیمینگ
wtf	What the fuck، گاییدن چیه؟	اسلنگ و گیمینگ
wtg	Way To Go، مسیر رفتن	اسلنگ و گیمینگ
wtgp	Want to go Private? go to a private room، میتونی بری یه جای محرمانه؟	اسلنگ و گیمینگ
wth	What/Who The Hell/Heck، کی سر و صدا راه انداخته، چه سر و صدایی راه انداختین	اسلنگ و گیمینگ
wts	What's That Shit? or What The Shit?، چته عوضی؟	اسلنگ و گیمینگ
wuteva	Whatever، هر چی، هر مقدار	اسلنگ و گیمینگ
wuz	Was، بود	اسلنگ و گیمینگ
y	Why، چرا، Yes، بله، آری	اسلنگ و گیمینگ
y o	Years Old، فلان سال دارم، فلان سالمه	اسلنگ و گیمینگ
ya	You، شما	اسلنگ و گیمینگ
yahoo	سایت یاهو	اسلنگ و گیمینگ
yanno	You Know، آیا میدونی؟	اسلنگ و گیمینگ
ybs	You'll Be Sorry، شما ببخشید	اسلنگ و گیمینگ
yg	Young Gentleman، آقای جوان	اسلنگ و گیمینگ
yhm	You Have Mail، نامه دارید	اسلنگ و گیمینگ
ym	Young Man، مرد جوان	اسلنگ و گیمینگ
yr	Year، سال	اسلنگ و گیمینگ
yt	You There?، کجا هستی	اسلنگ و گیمینگ
yup	Yes، بله	اسلنگ و گیمینگ
yvw	You're Very Welcome، خیلی خوش آمدید	اسلنگ و گیمینگ
yw	Your Welcome، خوش امدید	اسلنگ و گیمینگ
ziojkicc	Zipper Is Open Just Kidding I Cant See	اسلنگ و گیمینگ
zzzzz	Sleeping، خوابیدن، برو بخواب	اسلنگ و گیمینگ
E-RANK HUNTER	شکارچی رتبه E	مانهوا
E-RANK	رتبه E	مانهوا
S-RANK HUNTER	شکارچی رتبه S	مانهوا
S-RANK	رتبه S	مانهوا
A-RANK HUNTER	شکارچی رتبه A	مانهوا
B-RANK HUNTER	شکارچی رتبه B	مانهوا
C-RANK HUNTER	شکارچی رتبه C	مانهوا
D-RANK HUNTER	شکارچی رتبه D	مانهوا
THE HUNTER GUILD'S	انجمن شکارچیان	مانهوا
THE HUNTER GUILD	انجمن شکارچیان	مانهوا
HUNTER GUILD	انجمن شکارچیان	مانهوا
HUNTERS ASSOCIATION	انجمن شکارچیان	مانهوا
SHADOW MONARCH	پادشاه سایه‌ها	مانهوا
SHADOW SOLDIER	سرباز سایه	مانهوا
SHADOW ARMY	سپاه سایه‌ها	مانهوا
DUNGEON BREAK	شکست دانجن (خروج هیولاها)	مانهوا
RED GATE	دروازه سرخ (رد گیت)	مانهوا
DOUBLE DUNGEON	دانجن دوگانه	مانهوا
NATIONAL LEVEL HUNTER	شکارچی سطح ملی	مانهوا
MAGIC BEAST	هیولای جادویی	مانهوا
BOSS MONSTER	هیولای رئیس (باس)	مانهوا
STATUS WINDOW	پنجره وضعیت	مانهوا
DAILY QUEST	ماموریت روزانه	مانهوا
PENALTY QUEST	ماموریت مجازات	مانهوا
PENALTY ZONE	منطقه مجازات	مانهوا
SUNG JIN-WOO	سونگ جین‌وو	مانهوا
CHA HAE-IN	چا هه‌این	مانهوا
GO GUN-HEE	گو گان‌هی (رئیس انجمن)	مانهوا
ALWAYS GETTING HURT AND EVEN HAD NEAR DEATH EXPERIENCES	برعکس، من همیشه صدمه می‌دیدم و حتی تجربه‌های دمِ مرگ هم داشتم.	مانهوا
ALWAYS GETTING HURT	همیشه صدمه می‌دیدم	مانهوا
AND EVEN HAD NEAR DEATH EXPERIENCES	و حتی تجربه‌های دمِ مرگ هم داشتم	مانهوا
THE JOB WHERE YOUR LIFE'S ON THE LINE, THE HUNTER	شغلی که جونت کفِ دستته، هانتر بودن...	مانهوا
THE JOB WHERE YOUR LIFE'S ON THE LINE	شغلی که جونت کفِ دستته	مانهوا
YOUR LIFE'S ON THE LINE	جونت کفِ دستته	مانهوا
LIFE'S ON THE LINE	جونت کفِ دستته	مانهوا
BECAUSE I LIKE IT	چون دوستش دارم؟! هه...	مانهوا
BECAUSE I LIKE IT!	چون دوستش دارم؟! هه...	مانهوا
NEAR DEATH	دم مرگ	مانهوا
ON THE CONTRARY	برعکس	مانهوا
ON THE OTHER HAND	از طرف دیگه	مانهوا
AS A HUNTER	به عنوان یه هانتر	مانهوا
CONSTELLATION	صورت فلکی	مانهوا
STAR STREAM	استار استریم	مانهوا
DOKKAEBI	دوکه‌بی (جن کره‌ای)	مانهوا
INCARNATION	تجسم زمینی	مانهوا
SCENARIO	سناریو / ماجرا	مانهوا
MAIN SCENARIO	سناریوی اصلی	مانهوا
SUB SCENARIO	سناریوی فرعی	مانهوا
KIM DOKJA	کیم دوکجا	مانهوا
YOO JOONGHYUK	یو جونگهیوک	مانهوا
DEMON KING OF SALVATION	پادشاه دیو رستگاری	مانهوا
IRREGULAR	ایرگولار (غیرمعمول برگزیده)	مانهوا
RANKER	رنکر برتر	مانهوا
HIGH RANKER	های‌رنکر	مانهوا
SHINSU	شینسو (آب الهی برج)	مانهوا
ZAHARD	زاهارد (پادشاه برج)	مانهوا
TWENTY-FIFTH BAAM	بیست و پنجمین بام	مانهوا
MOUNT HUA SECT	فرقه کوه هوا (هواشان)	مانهوا
HEAVENLY DEMON	شیطان آسمانی (چون‌ما)	مانهوا
DEMONIC CULT	فرقه شیطانی	مانهوا
DANTIAN	دانتیان (مرکز انرژی چی)	مانهوا
QI	انرژی چی (نیروی درونی)	مانهوا
INTERNAL ARTS	هنرهای درونی رزمی	مانهوا
MERIDIAN	نقاط عبور انرژی (مریدیان)	مانهوا
QI DEVIATION	انحراف چی (جنون رزمی)	مانهوا
하아	هااه... (نفس عمیق)	کره‌ای
하...	ها...	کره‌ای
콰앙	کوااانگ! (برخورد شدید)	کره‌ای
쾅	بوم!	کره‌ای
쿵	گرومپ! (کوبش سنگین)	کره‌ای
쉭	ووش! (حرکت سریع)	کره‌ای
슥	فشست! (تیزی)	کره‌ای
탁	تپ! (گام محکم)	کره‌ای
크윽	کوووه... (درد)	کره‌ای
큭	هه... (پوزخند)	کره‌ای
으윽	اوووف... (آه)	کره‌ای
헌터	شکارچی (هانتر)	کره‌ای
성진우	سونگ جین‌وو	کره‌ای
그림자 군주	پادشاه سایه‌ها	کره‌ای
일어나라	برخیز (ARISE)	کره‌ای
상태창	پنجره وضعیت	کره‌ای
게이트	گیت / دروازه	کره‌ای
던전	دانجن (سیاه‌چال)	کره‌ای
레벨업	افزایش سطح (لول‌آپ)!	کره‌ای
轰	هوووم! (غرش و انفجار)	چینی
砰	پنگ! (ضربه محکم)	چینی
呼	هووف... (تنفس/باد)	چینی
斩	شلااااش! (برش شمشیر)	چینی
啊	آاااه!	چینی
哈	هاه...	چینی
切	چِه! (پوزخند)	چینی
猎人	شکارچی	چینی
宗主	رهبر فرقه	چینی
长老	بزرگ‌تر / ریش‌سفید	چینی
丹田	دانتیان	چینی
灵气	انرژی درونی چی	چینی
weak hero	قهرمان ضعیف	مانهوا
jake ji	جیک جی	مانهوا
kingsley kwan	کینگزلی کوآن	مانهوا
donald na	دونالد نا	مانهوا
wolf keum	ولف کیوم	مانهوا
ben park	بن پارک	مانهوا
big ben	بن پارک	مانهوا
gray yeon	گری یون	مانهوا
white mamba	مامبای سفید	مانهوا
eugene seo	یوجین سو	مانهوا
alex go	الکس گو	مانهوا
gerard jin	جرارد جین	مانهوا
teddy jin	تدی جین	مانهوا
rowan im	روآن ایم	مانهوا
naksung yoon	ناک‌سونگ یون	مانهوا
daehyeon	دائهیون	مانهوا
eunjang	یون‌جانگ	مانهوا
the union	اتحادیه مانهوا (یونیون)	مانهوا
ganghak	گانگ‌هاک	مانهوا
yeouinaru	یوئینارو	مانهوا
bread shuttle	شاتل نون (پادو)	مانهوا
bread errands	پادویی خرید نون	مانهوا
run errands	پادویی کردن	اصطلاح
excommunicated	اخراجی / طرد شده	عمومی
worthless bastard	عوضی بی‌مصرف	اسلنگ
gloomy bastard	عوضی اخم‌آلو	اسلنگ
sandbag bastard	کیسه بوکس عوضی	اسلنگ
knock out	ناک‌اوت کردن / بیهوش کردن	اصطلاح
running mouth	فک زدن / چرت و پرت گفتن	اسلنگ
quit the union	انصراف از اتحادیه	مانهوا
most likely accurate	به احتمال زیاد حقیقت داره	اصطلاح
